{"version":46,"hash":{"type":"Buffer","data":"AuYyueTgrxK2+lOGULHszq+FYs7opGa38c/o1SFIEb16t4sEHQ2arSkeC2zfKs6W8aVOlUJcW1RFm3sWXB4jjuumj12W7yPkJjT6gwwkAhurNYjI45oDmLTLfCCm0anj8iPeaepWwHjMkewCJNgbsRxkBLFj9SudclABNjr3nyU="},"indexValueMap":{"FVk7GE0YFkzsZzOFm6TLJN0YBzpe758ElRASYbQPAEk=":{"valueMac":{"type":"Buffer","data":"dAT2s+Uaoz8I4N+fzh/YNw9E16WltFR7J7vB93e6Usw="}},"LvixfOIhkDs1mZvgnomvH5lpCVg8IxX9VNduwj2oPKM=":{"valueMac":{"type":"Buffer","data":"sbrAnDd7YsKjWC3WYW+yKdcgNxsZW4oCOp8SCHcrKos="}},"WRCg4A8A8RoxmXHZOnYZAU8ETAMr9114bUPOpoI030U=":{"valueMac":{"type":"Buffer","data":"DqZfW6ihXTlSWfe/QnOGHBt6q+FAqRAtJnBvU73+shw="}},"aQEognyfqeLrvdaDGeKstmyDUFmw8xvVk0Hd2ky3kKA=":{"valueMac":{"type":"Buffer","data":"baAD/IMs7q6kHRdkPwPlKvPWqeJv9AKIj+A/SU4n8xk="}},"av31xr2jb46Q2Or/MlRsNeBnV1fEgowIRCrmvVw3oNo=":{"valueMac":{"type":"Buffer","data":"JXWBdk9vHWdS6y2+QOIVB3ZrOuLnLTLOsX5mbf/c+Fc="}},"ba4sM0V5VL7mTXOo5UrP1jnRS/5J7+B6y6iJl82RZmU=":{"valueMac":{"type":"Buffer","data":"lf6VXkOEFLif8falO7FqKWYvTl3ZYbkYH7+UKvR7STE="}},"bnT4e3LJiVq9YFuYax9VMxDU/qHHWWCsh4tvwkwEINc=":{"valueMac":{"type":"Buffer","data":"FBtoQgq1SPpVay2uyBvOD7vn1yJ1J1Lsl/HMNWGmYe4="}},"mms4y0yqBFWZi5eZf8o6FwjpXG7yOTABAEnUxnbeS+s=":{"valueMac":{"type":"Buffer","data":"eNNWj4akwICQwEev12QrzC2J6WH8qferlguZB4d7RWs="}},"n8rCvTn8pHW9Jui/HlP43nzJcIR0jwEJoc9PcWQgmgw=":{"valueMac":{"type":"Buffer","data":"I5Kip8qQA5+QNl8uFly2/AvXXSgBKv+7L/EAqL57HbU="}},"p3w7xVRas65QnALIv8pcTTky9xkCq258NQ0BKRq4ufA=":{"valueMac":{"type":"Buffer","data":"UBj3afVpFpDbqpuG15/KGWqL2FfL64xGynf+clvjT+8="}},"qajTijf1j6e21iLFINhk7q/SsvUEBKB2XWfcKUIbRmE=":{"valueMac":{"type":"Buffer","data":"nk37nkvGX1Sb/vcv70Yf7rhcHQk9berIguZ4nJsX2jI="}},"tS4Q+eoWAVlXWjKhPF1xRCK7+gXyeEY7VR7UMUWoWuA=":{"valueMac":{"type":"Buffer","data":"vPfGcpSkDY4j+a9v2waARcTuBkOARg990EkeWaWA9Rc="}},"uI0Q8tx4ht2cQvW6iG/W62LcGQH42yZV9EDa6Ho3a70=":{"valueMac":{"type":"Buffer","data":"IzFfW0zcgF83qxrjNL7uCmRdCO1lstV67caqduhm6us="}},"60gj5H6djQaJRwFP64fWCqj4/nX4YKLrGI0w6Whr57s=":{"valueMac":{"type":"Buffer","data":"SCo1pz0WBXoo5QsJ8/QFSj4rxlyuGxdq4cl+I1aq7u8="}},"8J9uso3BUE2sKkyJa8CDjtos3myIRdEhqChGo75lsOg=":{"valueMac":{"type":"Buffer","data":"waD2VHknSHBvGdnYU8HtGLcCEVMq2MdiEzXcgAljUxk="}},"/GEWzYb2U5m+4sG1r9sPL+cUXry6mkWv5utee3Qbyck=":{"valueMac":{"type":"Buffer","data":"i5zLQlmrPYZVZl+9YOJAigW2Jzjk+2reNEpC5lVxp94="}}}}