{"_sessions":{"BQ+LHdJnp5JKysywGYc76buPgICcZIQdrLeQm6otyJQ9":{"registrationId":454176134,"currentRatchet":{"ephemeralKeyPair":{"pubKey":"BZQJ4LN9xisANGnBgBrmFednbvUP3dmqdaoIeR269act","privKey":"AARHWNVenCcjsS2almnwsJz/zftm6FMIzVKcrPGS200="},"lastRemoteEphemeralKey":"BVuUgxXpzH8/le0mnm/zaRfTcp23dcTKNAKzxxZ/AP8M","previousCounter":0,"rootKey":"c+d8x2QSDS5FP/Y+v+fGeCx6ZGV7LUKNM1TcjBIzZmE="},"indexInfo":{"baseKey":"BQ+LHdJnp5JKysywGYc76buPgICcZIQdrLeQm6otyJQ9","baseKeyType":1,"closed":-1,"used":1750515233234,"created":1750359409995,"remoteIdentityKey":"BfDGEtn93ym+MXwabysZYqx4BgCRxDKhbBKb3YjrFS9H"},"_chains":{"BVuUgxXpzH8/le0mnm/zaRfTcp23dcTKNAKzxxZ/AP8M":{"chainKey":{"counter":1,"key":"2uPkweKk0wDU48XztTMfYUtp9Iha68XM6vtsVkUsBOs="},"chainType":2,"messageKeys":{}},"BZQJ4LN9xisANGnBgBrmFednbvUP3dmqdaoIeR269act":{"chainKey":{"counter":-1,"key":"bF2bokXZg5QwIxuEyr2Tw+KTrY1uH79wUKhmsuxjWMA="},"chainType":1,"messageKeys":{}}}}},"version":"v1"}