{"_sessions":{"BfQE9JV/sSL2iHISsiez/tV7LedDt/Z5KKrvKE4AYfgP":{"registrationId":2097785566,"currentRatchet":{"ephemeralKeyPair":{"pubKey":"BYndxhBXSYmN3hG31HjEw2a/XrvMUDxytCX0pOC9Teh4","privKey":"aJI94SZj+N3pC96oSoVIr34Fd02d/OhFV0h1ozpZdF4="},"lastRemoteEphemeralKey":"BTotH8ePYLjCKNZT50YFpIWf1a6d9MgL/0gB5ZSUsUJN","previousCounter":0,"rootKey":"T1TmQVLaS/zw9mIoajGKTdWSNgPrcGVdyZtf1QJ55/M="},"indexInfo":{"baseKey":"BfQE9JV/sSL2iHISsiez/tV7LedDt/Z5KKrvKE4AYfgP","baseKeyType":1,"closed":-1,"used":1750508911097,"created":1750357580184,"remoteIdentityKey":"BZG/Y6/i1VXgOVixSR+byS92QF49VLEGbl76ZQQjuOI4"},"_chains":{"BTs0sWvCeMBrXDtnzlq4WnRzvZ1YDxmWunVVQAmIs8Ej":{"chainKey":{"counter":0},"chainType":2,"messageKeys":{}},"BahQygixfBOmXyh/z49tzHS/r0mOFrs2cIzIV2zGEdB3":{"chainKey":{"counter":1},"chainType":2,"messageKeys":{}},"BWWRG/Hw3DZ6AnxznDGtn7uHFm5GZ8OeH9G0M+JI2F19":{"chainKey":{"counter":0},"chainType":2,"messageKeys":{}},"BVmlXD1KcQsCA9VpjzOilbeKWzMJGN/126aB3aRJuHdI":{"chainKey":{"counter":0},"chainType":2,"messageKeys":{}},"BctkF2otH133rto1PUb20v4BJeB0YIKa8DMzbqpML+0L":{"chainKey":{"counter":0},"chainType":2,"messageKeys":{}},"Bd0I9dd7KkrluePmoZweHqrAV7R6NelIu7xvkTLdpL9Y":{"chainKey":{"counter":0},"chainType":2,"messageKeys":{}},"BdmzIstutdUP/wXm8Hwx7hDETZvN5GzzxbMb5KTp4aUl":{"chainKey":{"counter":0},"chainType":2,"messageKeys":{}},"BYuQR8DAcPJSjEyFHxxnjQHdBvp4L7pnWS2x3W/leQQs":{"chainKey":{"counter":0},"chainType":2,"messageKeys":{}},"BbkdQPi7Q7RzVEvNLRZ3o27UdC3jToZafPVHunlLw4Fj":{"chainKey":{"counter":0},"chainType":2,"messageKeys":{}},"BcxHncbvEyT87cS8grzlVYxXzjvA1wWY75HP1hrAHSVF":{"chainKey":{"counter":0},"chainType":2,"messageKeys":{}},"BRz/jnHfd9LLY2oo5p2idPp6nmOvifzS4gaLso7c4ARR":{"chainKey":{"counter":0},"chainType":2,"messageKeys":{}},"BTZnWKwVq7Nf56QisEct01jvPGKmQ5LK4AIZnSyPtFBk":{"chainKey":{"counter":0},"chainType":2,"messageKeys":{}},"BfPSupRMAzcFsAHsFH6zvtvJEZRCpKLO0sdnYYHyxHdH":{"chainKey":{"counter":0},"chainType":2,"messageKeys":{}},"BbuDm31+xhzsCe1ArUpPBH8J9cDkVbozXHcUnanjU2Qk":{"chainKey":{"counter":0},"chainType":2,"messageKeys":{}},"BXHTnAG0CxDzeD5ilUQHpIvWj3eNX6m4f4uouq0FK7k+":{"chainKey":{"counter":0},"chainType":2,"messageKeys":{}},"BZUL3bXZqrf+I7l1B+Uz5LWa7jybsTxCpEDJV4q+wP4a":{"chainKey":{"counter":0},"chainType":2,"messageKeys":{}},"BausvZFG8UH7wTkacUu5BxS4Qtf15u2oD5pqlZR21+Vt":{"chainKey":{"counter":0},"chainType":2,"messageKeys":{}},"BRblhIe/xwUcEiQcLfvQ0dcQBdBuhv0FyzQlJTo/tYd+":{"chainKey":{"counter":0},"chainType":2,"messageKeys":{}},"BToRUxMRamcjNrOs3S4aqgEX6SN9bqxyOq7dxA6auz0j":{"chainKey":{"counter":0},"chainType":2,"messageKeys":{}},"BfK3QSal/PHmQ2fmGa8ppxu2woMAPIS/Nne3G4WKKHkf":{"chainKey":{"counter":0},"chainType":2,"messageKeys":{}},"BR2iCCr4I/Hx8qLi5k+OcloSZdQZtkg9wDHgf03fYBBk":{"chainKey":{"counter":0},"chainType":2,"messageKeys":{}},"Bf0CvBFa2YjpjfiqT0dojk5fgX60dXYmKucIzIl6p6AM":{"chainKey":{"counter":0},"chainType":2,"messageKeys":{}},"BQr3xo7Ninoi0Rdrb4ZInLcza2doTJ4eh4LbZrHWRvVB":{"chainKey":{"counter":0},"chainType":2,"messageKeys":{}},"BXe4njx1gcKNF59M5D5XJRtiUPsdPrvlJFvfv7xoTboc":{"chainKey":{"counter":0},"chainType":2,"messageKeys":{}},"Bfjl4QOlqia8bp0XgyI9AyfuTqNRY1Vf4aQ2f0jZXDAH":{"chainKey":{"counter":1},"chainType":2,"messageKeys":{}},"BWxt1RtNnDe7rb28wvE8zfOWyim8wh3dZ56Jt8UyGncD":{"chainKey":{"counter":1},"chainType":2,"messageKeys":{}},"Bfpd39JiXmWemN2YAP3KXb0e1PN/KPaABABtR+Cto65e":{"chainKey":{"counter":1},"chainType":2,"messageKeys":{}},"BXGNiPbDkAs+0knsZHb1UUbWVeLce8IZpvKGtCx1WudV":{"chainKey":{"counter":0},"chainType":2,"messageKeys":{}},"BbO8hezWFzzh1APOUJcC2Zy8P6biLxwaljDJYC6MZyZb":{"chainKey":{"counter":1},"chainType":2,"messageKeys":{}},"BTcQYR+LvXwb0mkrS8nqGHUWfvkltrQFYlg98URnGNIS":{"chainKey":{"counter":0},"chainType":2,"messageKeys":{}},"BcMA+aeEnmev0HxIIsAFj3ACKQKCc4DgIX/cNhPxVD8s":{"chainKey":{"counter":0},"chainType":2,"messageKeys":{}},"BXHMaGwOz1mbDdfcx3op6TovXZuzbazNkomk+zW0QikT":{"chainKey":{"counter":0},"chainType":2,"messageKeys":{}},"BYGZqnL+UzxVigoKAGy3ShtxTjm8Fa+c7sI2Rs5uJV0Z":{"chainKey":{"counter":0},"chainType":2,"messageKeys":{}},"BTmV3ciGWOd8HPO1k5XoWdaCF4/xHn5a8s+MtwG5rWle":{"chainKey":{"counter":0},"chainType":2,"messageKeys":{}},"BVnG0EjF7p/p/1NRIvGNNg4ZhuymT7vAMqUsJV9lf2Yd":{"chainKey":{"counter":0},"chainType":2,"messageKeys":{}},"BUw16tFTnqg7vWFWUR0ZJYLEipKgSr1/plEjtJj9UPFC":{"chainKey":{"counter":0},"chainType":2,"messageKeys":{}},"BattL2x6b1o5W//zrS7AOSrubuRl5PvXB00FjftqO9JC":{"chainKey":{"counter":0},"chainType":2,"messageKeys":{}},"BevweVJ7AV4/4KBR7pNVA2IZ0o1f5+1cZXd9dCXcVTc4":{"chainKey":{"counter":0},"chainType":2,"messageKeys":{}},"BVDRQ/SJGcz/B25Y0zxiRc9nqzNOhblUxBhLg9xSoTlt":{"chainKey":{"counter":1},"chainType":2,"messageKeys":{}},"BbaT6ofKHHMGy/3Vdcjf4opZWF4DFHC0Ee5giCZTCP44":{"chainKey":{"counter":0},"chainType":2,"messageKeys":{}},"Ba9/CfqrHD69lvLvC1qPAzyWaa9oDPYfW/Ikdx0/GcNg":{"chainKey":{"counter":0},"chainType":2,"messageKeys":{}},"BQ1MuLyg7BLyDSNKy4956ra9AXz/YvpqvupxvdayYCFx":{"chainKey":{"counter":0},"chainType":2,"messageKeys":{}},"BVtZShHb4UJ6cKVu6yPqR9PQsPn6rag8+pOIHn3fjnBQ":{"chainKey":{"counter":0},"chainType":2,"messageKeys":{}},"BY1E62kHeZdEFD8a4wEhNrX9kDV1swkFgiIzDKCcwXtD":{"chainKey":{"counter":0},"chainType":2,"messageKeys":{}},"BXe4rJ6GztrNr+a0xsEnVySE9bwLRVgO2oRqzq4awdF2":{"chainKey":{"counter":0},"chainType":2,"messageKeys":{}},"BQNGm++EHJuXEChR5A3tyHAw+mj8FNta7FUDgWDK9QZU":{"chainKey":{"counter":0},"chainType":2,"messageKeys":{}},"BT4/9ftf9ywU7U81IIYXFpgIVRaT0YrtEWTB7N1ZqjxL":{"chainKey":{"counter":1},"chainType":2,"messageKeys":{}},"BeXo10IUioMDKt81r+LKumF3d5p5wEnmPjM/hXkZtCg1":{"chainKey":{"counter":0},"chainType":2,"messageKeys":{}},"BQkvMMNVS178e+nQAvC29FTidWTKe2P2Tg4PT2YoviEd":{"chainKey":{"counter":0},"chainType":2,"messageKeys":{}},"BcDfXaYF2zqdNiJfaoaiDbKRkjoU1ki1rfhoq/9MoQIL":{"chainKey":{"counter":0},"chainType":2,"messageKeys":{}},"BVUWZF0b1UfaICkNr5rymY3xUT8fyc+3FrYjtEF8Pm1R":{"chainKey":{"counter":0},"chainType":2,"messageKeys":{}},"BXUu6siuGtmPyaZhiTqnjMQIVXvJ32H75pv5xf2MrHIP":{"chainKey":{"counter":0},"chainType":2,"messageKeys":{}},"BUFYpgpc5vkuXHwkoyviDH8ycMcNKXdky9fM3qyzVA98":{"chainKey":{"counter":0},"chainType":2,"messageKeys":{}},"BTvamUzJFl/1C28GnVfJQzm6SBDgCOph1Z5gyEBYZZQ1":{"chainKey":{"counter":0},"chainType":2,"messageKeys":{}},"BVjt1wXl1etZEoWHQNF8Gw3txjP9z9D2lMX1OL0AHjUY":{"chainKey":{"counter":0},"chainType":2,"messageKeys":{}},"BXHLZFDVrQa/95mOEOnEUgC/VTXrNhhT/fv+XrBG45R2":{"chainKey":{"counter":0},"chainType":2,"messageKeys":{}},"BaL9p/9UfBqGulk1QmuiOO+gNKiFuViS4VxVulwgrJdh":{"chainKey":{"counter":1},"chainType":2,"messageKeys":{}},"Bcfi3UuUy9o6VPetug+aUlxj2ZBqbfor72MGxvOdoRZW":{"chainKey":{"counter":1},"chainType":2,"messageKeys":{}},"BRAVWqMu1+DZmKA9r4C6aOwDPeAMLc3yKe2czcS9EtB+":{"chainKey":{"counter":0},"chainType":2,"messageKeys":{}},"BXf23VBjd+0KXjzK57XgRY3hpUqO6kb3sTLUVM4oUmcn":{"chainKey":{"counter":0},"chainType":2,"messageKeys":{}},"Bdu24WY8ljns4NgpjwsIYm534V3tmxjtzISU7UNR5D8a":{"chainKey":{"counter":0},"chainType":2,"messageKeys":{}},"BXwR+sHAMywpIf1fctZe/u6D5hjCeAA41I/EtEoptUwr":{"chainKey":{"counter":1},"chainType":2,"messageKeys":{}},"BVq01ZcmuxUAppidPNZzatfXS6V8GrQrLhgST+AfRroc":{"chainKey":{"counter":0},"chainType":2,"messageKeys":{}},"BYR971+uQzS9lT81Z0rO9qJgmV5WqeyA1xZWvV9LcA4Q":{"chainKey":{"counter":0},"chainType":2,"messageKeys":{}},"BYFGctUh/kBrK5caQJJmav6pl9KXZbTQb2GtfTHhpIR0":{"chainKey":{"counter":0},"chainType":2,"messageKeys":{}},"BTzdL36ke6u/2/oDjOeXpa26UtwBkY5pbK3mMO8gIZZ4":{"chainKey":{"counter":0},"chainType":2,"messageKeys":{}},"BSJpfu/bELjwA3MAlPE5Aau7cduzUeggLEkNpFruebxJ":{"chainKey":{"counter":0},"chainType":2,"messageKeys":{}},"BTCNoQ0Ep2wwTp09o2bJLFai5fIayuwG4JBWgV0DpLZZ":{"chainKey":{"counter":0},"chainType":2,"messageKeys":{}},"BQyaOg8sD7cJrVoMcvP5PoHToLcJS/PSOTr1NViCInxh":{"chainKey":{"counter":0},"chainType":2,"messageKeys":{}},"BURujhDTjdlAUgsZ8TIs6r0ZwoUjO00790fc8DVSxs1s":{"chainKey":{"counter":0},"chainType":2,"messageKeys":{}},"BQ53NI00E5ZcFK/JQO0wxUP6N2dinYdoJ0d3nlkYMPUd":{"chainKey":{"counter":1},"chainType":2,"messageKeys":{}},"BR3I1/h64vo4fGoGOwdO8HzqvhDSCcCjynKq6eRkMgce":{"chainKey":{"counter":0},"chainType":2,"messageKeys":{}},"BRHyvoXdCWwmmRy3pKnU2dZ2S0pGoo+CMnQeKdGz16cc":{"chainKey":{"counter":0},"chainType":2,"messageKeys":{}},"BQOxA86fLdtMr5Y/PPyrrdFVcYx0GIcmwDBgROelezh1":{"chainKey":{"counter":1},"chainType":2,"messageKeys":{}},"BRbCrsnQ86nm21LDPO3IHgVrsjwDLtNM7hLRG3AlTHx6":{"chainKey":{"counter":0},"chainType":2,"messageKeys":{}},"BdTmmqSkK7QX8cQU0gpqKX2sk1vxrg7cVPepkoj1x9xt":{"chainKey":{"counter":0},"chainType":2,"messageKeys":{}},"BY6ahWBUjMIyMp9e4uBresVxOS+JjcbvXsmhbJn9qvwr":{"chainKey":{"counter":1},"chainType":2,"messageKeys":{}},"BTwVImOkcMvGvFt/Jc5D80ip8aPm448LCmYN2N71HdcR":{"chainKey":{"counter":0},"chainType":2,"messageKeys":{}},"BYSt4VTu6b1MNHH8zlUWTEJxBnJqkI4DQ/X4gS0XVtBV":{"chainKey":{"counter":0},"chainType":2,"messageKeys":{}},"BQ7XVZQ/lDwQqGofg+aN2k9VnkiyJE1EzUJezxsoA6lH":{"chainKey":{"counter":0},"chainType":2,"messageKeys":{}},"BU+rhn7EzMb+ZNhcNzeNretWmNYtwAyb3cBUB0WM6a5q":{"chainKey":{"counter":0},"chainType":2,"messageKeys":{}},"BY1d/OCFCsV3cHaTBiidINsQGcu01nWrporBtQdgn2R3":{"chainKey":{"counter":0},"chainType":2,"messageKeys":{}},"BYFNCHK9bO96u6aRvaKSkqOWMKZLiaUYSzxZ9wP5tgZO":{"chainKey":{"counter":0},"chainType":2,"messageKeys":{}},"BXLI5nRJallxGsvup7P0MGCRFS8EVaEfgiQi5MXWNZE0":{"chainKey":{"counter":0},"chainType":2,"messageKeys":{}},"BTZKswCxydrlUo48jfo4jS8AR5N0DlM1NJ0F9nIok3cQ":{"chainKey":{"counter":0},"chainType":2,"messageKeys":{}},"BWRpjEUZNxnTlHbPP0NZy1SVXpUC1BZ/SiPjAN39tWY/":{"chainKey":{"counter":0},"chainType":2,"messageKeys":{}},"BS7Yzy+HWcxGyovUKGFgHquMd1X/2tQkQyyj1/vVx+1n":{"chainKey":{"counter":0},"chainType":2,"messageKeys":{}},"Baf/lSjE7N1cUSXGLXpkKi9xz8ECa1pdlSqtGe7ZFelb":{"chainKey":{"counter":0},"chainType":2,"messageKeys":{}},"BScFhIqWCT2VzbZ7kxJLlBhldY1ikswGX7lTsk6KulFV":{"chainKey":{"counter":0},"chainType":2,"messageKeys":{}},"BZUaPiTFUOt+TZSZNgzfYPHsGzKapW0yLeBWN63Sza4W":{"chainKey":{"counter":0},"chainType":2,"messageKeys":{}},"BfaQfu3so62fRfEFCRV86bhqrfJLMOAmb1bGAiy0ojdN":{"chainKey":{"counter":0},"chainType":2,"messageKeys":{}},"BfqRegVZcQe2s400ccJyAPBr13K02/qBKSM0CHU3IaVQ":{"chainKey":{"counter":0},"chainType":2,"messageKeys":{}},"BR7uhf7jNmqueEqtInXbKytOp1UnCoDZZ0YvFlcQV0lF":{"chainKey":{"counter":1},"chainType":2,"messageKeys":{}},"BZRG594SWSfAZOsNWD4eF1y+4hY4NRFq0LvwEMWppm9U":{"chainKey":{"counter":0},"chainType":2,"messageKeys":{}},"BULV9Lw6ywrO5lM+35yMu9xkJIcTUEX+ybvLxa7FjYcK":{"chainKey":{"counter":0},"chainType":2,"messageKeys":{}},"BWGsbDfIZmvjm4fKHFKcgne+TSzDEN715sfdzuNbDw14":{"chainKey":{"counter":0},"chainType":2,"messageKeys":{}},"BZaf82QdL3Hq6VHLDD8QkdD19q0PXHhS6Fw59F4aWIkm":{"chainKey":{"counter":1},"chainType":2,"messageKeys":{}},"BZsyqZI7H7D9CCbd9zhMdHc3P+qzwboq3dKRCJYAosVc":{"chainKey":{"counter":1},"chainType":2,"messageKeys":{}},"BUIGR8UuAAXlm53Pcwnr1ZAZZv55Po2zp5GQ56SOrChg":{"chainKey":{"counter":0},"chainType":2,"messageKeys":{}},"BXv4hJtdjs28/kK5ukLmKW+0iB14Xd9iCLbK7BTnuDFY":{"chainKey":{"counter":0},"chainType":2,"messageKeys":{}},"BTWMIXHvLv4BD7R7vqeSFNMxtDWEat37DJUtj3chq50g":{"chainKey":{"counter":2},"chainType":2,"messageKeys":{}},"BUbbLFtA1ghjNZdnkMoS3UF4S2IoV43dDeUhg5Xxlm4W":{"chainKey":{"counter":0},"chainType":2,"messageKeys":{}},"BWDUP40ljMi8Ti+wNq+BVndzpneyg8c7iY0gkJYuyi9t":{"chainKey":{"counter":0},"chainType":2,"messageKeys":{}},"Bc/tl4r9+8zquV1MLhpb2kNeNnh8Yl9VOYO00sdl3DA/":{"chainKey":{"counter":0},"chainType":2,"messageKeys":{}},"BQc/sPZwboxrXjhcjTXjuLGx70bJccu3exZg69NkUuRJ":{"chainKey":{"counter":0},"chainType":2,"messageKeys":{}},"Bf/7DUnRzmccxi2+p8dpj6LfEmDjdLLpuxymyQT2xXtL":{"chainKey":{"counter":0},"chainType":2,"messageKeys":{}},"BZx8EUWyVqfBz5j4baCAtu3t5GKI9qOQdATxb90Jij4d":{"chainKey":{"counter":0},"chainType":2,"messageKeys":{}},"Bf5FTTGq7hygZ6fOA1eubHcO2PqYY7+IVOBjRaLbusUT":{"chainKey":{"counter":1},"chainType":2,"messageKeys":{}},"BVzhYygjTyVly43yb2jqIhmPfR4JALvPAY4iFSy45MoV":{"chainKey":{"counter":0},"chainType":2,"messageKeys":{}},"BYALHhVVaBd9hE4PHXDOseMUZPwXWTU7zKTxWWLhDU9I":{"chainKey":{"counter":0},"chainType":2,"messageKeys":{}},"Bdmne4KUDh0+g599ZaITxP0Sr5aWI+Y5CWgxy9Pi+g0S":{"chainKey":{"counter":0},"chainType":2,"messageKeys":{}},"Bbp4mmwkIzE/7JiCtPyNYFeOHtfRAr8K4pPZCZc4aOgB":{"chainKey":{"counter":0},"chainType":2,"messageKeys":{}},"BVPUTAOs7ges37YGxHHWgg8ndM4vFI9eZhxY0eZ2cpss":{"chainKey":{"counter":1},"chainType":2,"messageKeys":{}},"BTn8YTUstiuJJ5At8XWyZuk/Wsd8eEYJCrSJrJu+uC8H":{"chainKey":{"counter":0},"chainType":2,"messageKeys":{}},"BZT6vxfSOJcnGeOLV/MvBmVuwigQFs5F5lZ65ypZOK9l":{"chainKey":{"counter":0},"chainType":2,"messageKeys":{}},"Beg4BteIAtY+eYXx6VwJjhcixCXkX/lGvkmsTugyF2Vp":{"chainKey":{"counter":0},"chainType":2,"messageKeys":{}},"Ba3pqTM7ZPAkGDr4/HXWt4wZNFHfkZm3cFbqZNK/+VQC":{"chainKey":{"counter":1},"chainType":2,"messageKeys":{}},"BQoZpSCCBLO092RXUJ2nGmfQIzYpuovCL7/ScI0UXUgk":{"chainKey":{"counter":0},"chainType":2,"messageKeys":{}},"BZvcQpJRZox2cVMDl0/yV0aQt8YgBaHLLQe+CQJe7LsR":{"chainKey":{"counter":0},"chainType":2,"messageKeys":{}},"BQYcTs2d6smBPHCtbd1K8fD4mREyR5OYmC9JIclmmJFe":{"chainKey":{"counter":0},"chainType":2,"messageKeys":{}},"BVp4EoQsbUu4nKtJEEvQrp/JUg1RnGOzX0nmoRW6+Qc5":{"chainKey":{"counter":0},"chainType":2,"messageKeys":{}},"BTVkmBXdfOCH+hbCGudBR6z6GrxXvaS+7JSBqg+Y6XlW":{"chainKey":{"counter":0},"chainType":2,"messageKeys":{}},"BYtpYTkUdnR20YVb2Kv2AbafQnxc35MeHY2UWAqOr7Zu":{"chainKey":{"counter":0},"chainType":2,"messageKeys":{}},"Bc+L8b3B9F0ERUpPaPl1uJUzh9LHlHlVGR/KDyydnlUt":{"chainKey":{"counter":0},"chainType":2,"messageKeys":{}},"BTotH8ePYLjCKNZT50YFpIWf1a6d9MgL/0gB5ZSUsUJN":{"chainKey":{"counter":0,"key":"NM/m97K0/0npDmyWVYgZuGIs7Avu5sY9I8ffhIRESjA="},"chainType":2,"messageKeys":{}},"BYndxhBXSYmN3hG31HjEw2a/XrvMUDxytCX0pOC9Teh4":{"chainKey":{"counter":0,"key":"aieKEdhY2oJOSzul0zd1VTIIkivNOWmfWeq7DWTNpEc="},"chainType":1,"messageKeys":{}}}}},"version":"v1"}