{"_sessions":{"BdiMVV13pmtKl8pjDPAifmVYEpfgN0Y3Zw0+E6Bks685":{"registrationId":616614751,"currentRatchet":{"ephemeralKeyPair":{"pubKey":"BWgyXbJfQkzLBphb0PguoCN+t/oSArnRZYIyl2r/lk9y","privKey":"OEyvFitURFOizb+DkLJaHGPtbCkpf4VJlH4uULrNvX8="},"lastRemoteEphemeralKey":"BUu+Swgom/aIEScGwHOHdWX5/XpjLuelSJIZyb85ysEz","previousCounter":1,"rootKey":"pZHFWfbHWCKSeHnMiTq9XSqnIKYRTI4CrVEp3CGfhlQ="},"indexInfo":{"baseKey":"BdiMVV13pmtKl8pjDPAifmVYEpfgN0Y3Zw0+E6Bks685","baseKeyType":2,"closed":1750568098988,"used":1750475704730,"created":1750357529157,"remoteIdentityKey":"BVz6JCSPsvQ/7Fnt8ODU+oUTQxxYJnxpJNKIUT4D8/B4"},"_chains":{"BfxwuB7GHyRSTNWcFSI8GWbP8LpEAhtTUFmxLHdv8XsX":{"chainKey":{"counter":10},"chainType":2,"messageKeys":{}},"BcSh8E+HDDUThwtTOizoj/y2JxZ587mEY4I4WTHur4xJ":{"chainKey":{"counter":0},"chainType":2,"messageKeys":{}},"BecccKc15vODZHgbxeMB/Jz+O9FLTtWhCrrorZL9mrwB":{"chainKey":{"counter":0},"chainType":2,"messageKeys":{}},"BQplKky2VSCIYiCb1B18978t8rGw51f8B+MFEdBgznc2":{"chainKey":{"counter":0},"chainType":2,"messageKeys":{}},"BZMhGla0HV9UvEX6eG4v3W8ZU4/hIMWJm/OQfPz83/Br":{"chainKey":{"counter":0},"chainType":2,"messageKeys":{}},"Bdfyp1HwhNs36h95Kxiq9jmZBB0K16JRxq9t3dEbYHRX":{"chainKey":{"counter":0},"chainType":2,"messageKeys":{}},"BV0LtfEQdeiUOgBRnvPIBN+IhGFPz/O7Vpg72dgkCdIk":{"chainKey":{"counter":0},"chainType":2,"messageKeys":{}},"BSPkm1ImoLbSXgbgCJVSZDW7SrCzZFG8rOOpNSqyiAde":{"chainKey":{"counter":0},"chainType":2,"messageKeys":{}},"BccrsGQhqzudl6MCkFda1PPzd94EE1AKTn9AysQ65G1x":{"chainKey":{"counter":0},"chainType":2,"messageKeys":{}},"Baua2lroaqAbRmEcde3ZPmASamLXnblO47Cs4MYtrKMg":{"chainKey":{"counter":0},"chainType":2,"messageKeys":{}},"BWPGWha4ZzooVd6mrC9XgQcPqajeOiQUK0VTFp9YCzUd":{"chainKey":{"counter":0},"chainType":2,"messageKeys":{}},"BcXF7nLsI89K5DeW2/3D11qhvMaB671cziz7zkNpHB0L":{"chainKey":{"counter":0},"chainType":2,"messageKeys":{}},"BUu+Swgom/aIEScGwHOHdWX5/XpjLuelSJIZyb85ysEz":{"chainKey":{"counter":0,"key":"6T1umJ1vIr13D5dgm6L2POrrgRqXUbrecACdVuZ9P2Q="},"chainType":2,"messageKeys":{}},"BWgyXbJfQkzLBphb0PguoCN+t/oSArnRZYIyl2r/lk9y":{"chainKey":{"counter":44,"key":"mJE9OsmyDEBuvOMnyOOlBWoJy8ajgQyCDuSBZLKEyqE="},"chainType":1,"messageKeys":{}}}},"BRZdjkToSZk0v/7YNfexdu9vn6ihprSP7l7yLst/vB5h":{"registrationId":616614751,"currentRatchet":{"ephemeralKeyPair":{"pubKey":"BQI0x+pU47bonFJBsJ4VOmaJe/wV8HUdXnwK6BHWTM01","privKey":"kAe1zVUsOF5sHctOITZ9gXcdIQjQsEsmo1apHnIws1k="},"lastRemoteEphemeralKey":"BVGqnJHeW7o5P7hYOzjOB6YNHw1hLaY+LwIGK0DkXigG","previousCounter":0,"rootKey":"FPqZPiXDuFwxuv+ZdyPoTOccM+PUxlJITWCcUbL/pzo="},"indexInfo":{"baseKey":"BRZdjkToSZk0v/7YNfexdu9vn6ihprSP7l7yLst/vB5h","baseKeyType":2,"closed":-1,"used":1750568098992,"created":1750568098992,"remoteIdentityKey":"BVz6JCSPsvQ/7Fnt8ODU+oUTQxxYJnxpJNKIUT4D8/B4"},"_chains":{"BVGqnJHeW7o5P7hYOzjOB6YNHw1hLaY+LwIGK0DkXigG":{"chainKey":{"counter":0,"key":"c8Xc4wZWo6soMOFGJ4BMeDIltobkMKUqb3AskjDpkx4="},"chainType":2,"messageKeys":{}},"BQI0x+pU47bonFJBsJ4VOmaJe/wV8HUdXnwK6BHWTM01":{"chainKey":{"counter":-1,"key":"1Iiv7sV5NTxUZIecelA6R8yeBLp2t7OKTrMP6lzdxw4="},"chainType":1,"messageKeys":{}}}}},"version":"v1"}