{
  "hit": {
    "totalcmd": 572,
    "todaycmd": 572,
    "menu": 123,
    "allmenu": 26,
    "listgc": 2,
    "bot": 19,
    "ping": 70,
    "sc": 1,
    "info": 11,
    "q": 7,
    "hidetag": 9,
    "animemenu": 2,
    "funmenu": 3,
    "holoh": 1,
    "huluh": 1,
    "cekmati": 4,
    "ceksifat": 3,
    "coba": 3,
    "toolsmenu": 2,
    "ssweb": 5,
    "hitamkan": 3,
    "del": 11,
    "pin": 2,
    "hd": 2,
    "s": 2,
    "smeme": 5,
    "qc": 4,
    "rvo": 2,
    "totalfitur": 2,
    "join": 3,
    "toimg": 1,
    "gamemenu": 3,
    "bucin": 1,
    "adduang": 1,
    "leaderboard": 2,
    "spotify": 102,
    "spotifydl": 27,
    "profile": 6,
    "buy": 2,
    "aimenu": 3,
    "randommenu": 1,
    "coffe": 1,
    "nulis": 2,
    "nuliskiri": 2,
    "botmenu": 1,
    "donasi": 1,
    "runtime": 1,
    "roomai": 3,
    "siapa": 1,
    "delroomai": 1,
    "ulartangga": 11,
    "create": 2,
    "ownermenu": 5,
    "mode": 1,
    "tt": 5,
    "pinterest": 11,
    "setppbot": 1,
    "ai": 3,
    "tebakkata": 1,
    "susunkata": 1,
    "jodohku": 1,
    "jadian": 1,
    "autoread": 1,
    "pint": 3,
    "togif": 2,
    "tourl": 1,
    "welcome": 2,
    "play": 1,
    "ig": 1,
    "downloadmenu": 1,
    "readsw": 1,
    "set": 1,
    "settings": 1,
    "multiprefix": 2,
    "anticall": 1,
    "antispam": 1,
    "antitoxic": 1,
    "tes": 3,
    "autobio": 3,
    "promote": 7,
    "brat": 2,
    "dadu": 1,
    "searchmenu": 1,
    "wallpaper": 1,
    "cuaca": 1
  },
  "set": {
    "6287782171415@s.whatsapp.net": {
      "lang": "id",
      "limit": 0,
      "money": 0,
      "status": 0,
      "join": true,
      "public": true,
      "anticall": true,
      "original": true,
      "readsw": true,
      "autobio": false,
      "autoread": true,
      "antispam": true,
      "autotyping": true,
      "grouponly": true,
      "multiprefix": false,
      "privateonly": true,
      "autobackup": false,
      "template": 2
    }
  },
  "list": {},
  "store": {},
  "users": {
    "6287782171415@s.whatsapp.net": {
      "vip": false,
      "ban": false,
      "afkTime": -1,
      "afkReason": "",
      "register": false,
      "limit": 20,
      "money": 2911,
      "lastclaim": 1749628230420,
      "lastbegal": 1749628230420,
      "lastrampok": 1749628230420,
      "energi": 10,
      "senjata": {
        "nama": "Pisau Baja",
        "rarity": "Uncommon",
        "harga": 5000,
        "power": 10
      },
      "attack": 4,
      "defense": 2,
      "class": "mage",
      "equipment": {
        "weapon": "Tongkat Sihir"
      },
      "hasChosenClass": true
    },
    "6283874324376@s.whatsapp.net": {
      "vip": false,
      "ban": false,
      "afkTime": -1,
      "afkReason": "",
      "register": false,
      "limit": 999976,
      "money": 27360323,
      "lastclaim": 1750597790960,
      "lastbegal": 1749628246127,
      "lastrampok": 1749628246127,
      "lastKerja": 1750481662862,
      "hewan": [
        {
          "nama": "Kelinci",
          "rarity": "Common",
          "harga": 3500
        },
        {
          "nama": "Kelinci",
          "rarity": "Common",
          "harga": 3500
        },
        {
          "nama": "Kelinci",
          "rarity": "Common",
          "harga": 3500
        }
      ],
      "lastBerburu": 1750566497376,
      "ikan": [
        {
          "nama": "Ikan Lele",
          "rarity": "Common",
          "harga": 3000
        },
        {
          "nama": "Ikan Lele",
          "rarity": "Common",
          "harga": 3000
        },
        {
          "nama": "Ikan Tuna",
          "rarity": "Uncommon",
          "harga": 5000
        },
        {
          "nama": "Ikan Lele",
          "rarity": "Common",
          "harga": 3000
        },
        {
          "nama": "Ikan Mas",
          "rarity": "Rare",
          "harga": 4000
        },
        {
          "nama": "Ikan Tuna",
          "rarity": "Uncommon",
          "harga": 5000
        }
      ],
      "lastMancing": 1750566630029,
      "gacha": [
        {
          "nama": "Gojo Satoru",
          "rarity": "Legendary",
          "gambar": "https://i.pinimg.com/736x/f9/97/e9/f997e9fb23e30376f09dd7e184a580f0.jpg"
        },
        {
          "nama": "Naruto Uzumaki",
          "rarity": "Common",
          "gambar": "https://files.catbox.moe/okj5x8.jpg"
        },
        {
          "nama": "Itachi Uchiha",
          "rarity": "Legendary",
          "gambar": "https://files.catbox.moe/mjit7o.jpg"
        },
        {
          "nama": "Saitama",
          "rarity": "Common",
          "gambar": "https://files.catbox.moe/k8awd4.jpg"
        },
        {
          "nama": "Itachi Uchiha",
          "rarity": "Legendary",
          "gambar": "https://files.catbox.moe/mjit7o.jpg"
        },
        {
          "nama": "Waifu",
          "rarity": "Common",
          "gambar": "https://i.waifu.pics/mUTwf4z.jpg"
        },
        {
          "nama": "Waifu",
          "rarity": "Legendary",
          "gambar": "https://i.waifu.pics/4Ni15Gm.jpg"
        },
        {
          "nama": "Waifu",
          "rarity": "Legendary",
          "gambar": "https://i.waifu.pics/jnuawXf.png"
        },
        {
          "nama": "Waifu",
          "rarity": "Legendary",
          "gambar": "https://i.waifu.pics/HaDv5Z-.jpg"
        },
        {
          "nama": "Waifu",
          "rarity": "Legendary",
          "gambar": "https://i.waifu.pics/8pUgW9x.png"
        },
        {
          "nama": "Waifu",
          "rarity": "Common",
          "gambar": "https://i.waifu.pics/EBLUY7P.png"
        },
        {
          "nama": "Waifu",
          "rarity": "Legendary",
          "gambar": "https://i.waifu.pics/2Xdpuov.png"
        },
        {
          "nama": "Waifu",
          "rarity": "Legendary",
          "gambar": "https://i.waifu.pics/bBTiHba.png"
        },
        {
          "nama": "Waifu",
          "rarity": "Legendary",
          "gambar": "https://i.waifu.pics/8-xAiM1.png"
        },
        {
          "nama": "Waifu",
          "rarity": "Rare",
          "gambar": "https://i.waifu.pics/2X92FPH.jpeg"
        },
        {
          "nama": "Waifu",
          "rarity": "Rare",
          "gambar": "https://i.waifu.pics/5SYyPac.png"
        }
      ],
      "level": 5,
      "xp": 717,
      "energi": 10,
      "senjata": {
        "nama": "Pedang Naga",
        "rarity": "Legendary",
        "harga": 30000,
        "power": 50
      },
      "maxHp": 20,
      "defense": 4,
      "class": "fighter",
      "equipment": {
        "weapon": "Pedang Pembunuh Dewa",
        "armor": "Armor Kulit"
      },
      "hasChosenClass": true,
      "attack": 99999,
      "tas": {
        "tongkat api": 1,
        "Kapak Besi": 1
      },
      "chest": 1,
      "pets": {
        "Ice Dragon": {
          "nama": "Ice Dragon",
          "rarity": "Rare",
          "attack": 8,
          "defense": 5,
          "harga": 20000,
          "baseXp": 20,
          "level": 2
        }
      },
      "activePet": {
        "nama": "Ice Dragon",
        "rarity": "Rare",
        "attack": 10,
        "defense": 5,
        "harga": 20000,
        "baseXp": 0,
        "level": 4
      }
    },
    "120363363009408737@newsletter": {
      "vip": false,
      "ban": false,
      "afkTime": -1,
      "afkReason": "",
      "register": false,
      "limit": 20,
      "money": 10000,
      "lastclaim": 1749700825838,
      "lastbegal": 1749700825838,
      "lastrampok": 1749700825838,
      "energi": 10
    },
    "120363257033988496@newsletter": {
      "vip": false,
      "ban": false,
      "afkTime": -1,
      "afkReason": "",
      "register": false,
      "limit": 20,
      "money": 10000,
      "lastclaim": 1749738703653,
      "lastbegal": 1749738703653,
      "lastrampok": 1749738703653,
      "energi": 10
    },
    "6285893469878@s.whatsapp.net": {
      "vip": false,
      "ban": false,
      "afkTime": -1,
      "afkReason": "",
      "register": false,
      "limit": 20,
      "money": 10000,
      "lastclaim": 1749739873245,
      "lastbegal": 1749739873245,
      "lastrampok": 1749739873245,
      "energi": 10
    },
    "120363369674093146@newsletter": {
      "vip": false,
      "ban": false,
      "afkTime": -1,
      "afkReason": "",
      "register": false,
      "limit": 20,
      "money": 10000,
      "lastclaim": 1750167426109,
      "lastbegal": 1750167426109,
      "lastrampok": 1750167426109,
      "energi": 10
    },
    "6281235048523@s.whatsapp.net": {
      "vip": false,
      "ban": false,
      "afkTime": -1,
      "afkReason": "",
      "register": false,
      "limit": 20,
      "money": 10000,
      "lastclaim": 1750167580569,
      "lastbegal": 1750167580569,
      "lastrampok": 1750167580569,
      "energi": 10
    },
    "120363186130999681@newsletter": {
      "vip": false,
      "ban": false,
      "afkTime": -1,
      "afkReason": "",
      "register": false,
      "limit": 20,
      "money": 10000,
      "lastclaim": 1750235885842,
      "lastbegal": 1750235885842,
      "lastrampok": 1750235885842,
      "energi": 10
    },
    "6288213878142@s.whatsapp.net": {
      "vip": false,
      "ban": false,
      "afkTime": -1,
      "afkReason": "",
      "register": false,
      "limit": 18,
      "money": 10000,
      "lastclaim": 1750653501501,
      "lastbegal": 1750653501501,
      "lastrampok": 1750653501501
    }
  },
  "game": {
    "suit": {},
    "chess": {},
    "chat_ai": {},
    "menfes": {},
    "tekateki": {},
    "akinator": {},
    "tictactoe": {},
    "tebaklirik": {},
    "kuismath": {},
    "blackjack": {},
    "tebaklagu": {},
    "tebakkata": {},
    "family100": {},
    "susunkata": {},
    "tebakbom": {},
    "ulartangga": {
      "120363404139530136@g.us": {
        "turn": 1,
        "host": "6283874324376@s.whatsapp.net",
        "start": true,
        "players": [
          {
            "id": "6283874324376@s.whatsapp.net",
            "move": 5
          },
          {
            "id": "6288213878142@s.whatsapp.net",
            "move": 5
          }
        ],
        "map": {
          "url": "https://raw.githubusercontent.com/nazedev/database/master/games/images/map/map1.jpg",
          "move": {
            "4": 56,
            "12": 50,
            "14": 55,
            "22": 58,
            "28": 10,
            "37": 3,
            "41": 79,
            "48": 16,
            "54": 88,
            "75": 32,
            "94": 71,
            "96": 42
          },
          "mode": ""
        },
        "time": 1750653984035,
        "id": "3EB00A1B2592E8F1C0AC6F"
      }
    },
    "tebakkimia": {},
    "caklontong": {},
    "tebakangka": {},
    "tebaknegara": {},
    "tebakgambar": {},
    "tebakbendera": {}
  },
  "groups": {
    "120363404139530136@g.us": {
      "url": "",
      "text": {},
      "warn": {},
      "tagsw": {},
      "nsfw": false,
      "mute": false,
      "leave": false,
      "setinfo": false,
      "antilink": false,
      "demote": false,
      "antitoxic": false,
      "promote": false,
      "welcome": false,
      "antivirtex": false,
      "antitagsw": false,
      "antidelete": false,
      "antihidetag": false,
      "waktusholat": false
    },
    "120363385167873033@g.us": {
      "url": "",
      "text": {},
      "warn": {},
      "tagsw": {},
      "nsfw": false,
      "mute": false,
      "leave": false,
      "setinfo": false,
      "antilink": false,
      "demote": false,
      "antitoxic": false,
      "promote": false,
      "welcome": false,
      "antivirtex": false,
      "antitagsw": false,
      "antidelete": false,
      "antihidetag": false,
      "waktusholat": false
    }
  },
  "database": {},
  "premium": [],
  "sewa": [],
  "cases": [
    "19rujxl1e",
    "uji",
    "shutdown",
    "off",
    "setbio",
    "setppbot",
    "delppbot",
    "join",
    "leave",
    "clearchat",
    "getmsgstore",
    "storemsg",
    "blokir",
    "block",
    "listblock",
    "openblokir",
    "unblokir",
    "openblock",
    "unblock",
    "ban",
    "banned",
    "unban",
    "unbanned",
    "mute",
    "unmute",
    "adduang",
    "addmoney",
    "addlimit",
    "listpc",
    "listgc",
    "creategc",
    "buatgc",
    "addsewa",
    "sewa",
    "delsewa",
    "listsewa",
    "addpr",
    "addprem",
    "addpremium",
    "delpr",
    "delprem",
    "delpremium",
    "listpr",
    "listprem",
    "listpremium",
    "upsw",
    "addcase",
    "19rujxl1e",
    "getcase",
    "delcase",
    "backup",
    "all",
    "auto",
    "session",
    "database",
    "getsession",
    "deletesession",
    "delsession",
    "deletesampah",
    "delsampah",
    "sc",
    "script",
    "donasi",
    "donate",
    "add",
    "kick",
    "dor",
    "promote",
    "demote",
    "warn",
    "warning",
    "unwarn",
    "delwarn",
    "unwarning",
    "delwarning",
    "setname",
    "setnamegc",
    "setsubject",
    "setsubjectgc",
    "setdesc",
    "setdescgc",
    "setdesk",
    "setdeskgc",
    "setppgroups",
    "setppgrup",
    "setppgc",
    "delete",
    "del",
    "d",
    "pin",
    "unpin",
    "linkgroup",
    "linkgrup",
    "linkgc",
    "urlgroup",
    "urlgrup",
    "urlgc",
    "revoke",
    "newlink",
    "newurl",
    "group",
    "grup",
    "gc",
    "close",
    "open",
    "join",
    "pesansementara",
    "disappearing",
    "antilink",
    "antivirtex",
    "antidelete",
    "welcome",
    "antitoxic",
    "waktusholat",
    "nsfw",
    "antihidetag",
    "setinfo",
    "antitagsw",
    "leave",
    "promote",
    "demote",
    "setwelcome",
    "setleave",
    "setpromote",
    "setdemote",
    "tagall",
    "hidetag",
    "h",
    "totag",
    "listonline",
    "liston",
    "owner",
    "profile",
    "cek",
    "leaderboard",
    "totalpesan",
    "req",
    "request",
    "totalfitur",
    "/g) || []).length\r\n\t\t\t\tm.reply(`Total Fitur : ${total}`);\r\n\t\t\t}\r\n\t\t\tbreak\r\n\t\t\tcase ",
    "claim",
    "transfer",
    "tf",
    "buy",
    "react",
    "tagme",
    "runtime",
    "tes",
    "bot",
    "mode",
    "public",
    "self",
    "anticall",
    "autobio",
    "autoread",
    "autotyping",
    "readsw",
    "multiprefix",
    "antispam",
    "set",
    "settings",
    "ping",
    "botstatus",
    "statusbot",
    "speedtest",
    "speed",
    "afk",
    "readviewonce",
    "readviewone",
    "rvo",
    "inspect",
    "addmsg",
    "delmsg",
    "deletemsg",
    "getmsg",
    "listmsg",
    "q",
    "quoted",
    "confes",
    "confess",
    "menfes",
    "menfess",
    "delconfes",
    "delconfess",
    "delmenfes",
    "delmenfess",
    "cai",
    "roomai",
    "chatai",
    "autoai",
    "delcai",
    "delroomai",
    "delchatai",
    "delautoai",
    "jadibot",
    "stopjadibot",
    "deljadibot",
    "listjadibot",
    "fetch",
    "get",
    "toaud",
    "toaudio",
    "tomp3",
    "tovn",
    "toptt",
    "tovoice",
    "togif",
    "toimage",
    "toimg",
    "toptv",
    "tourl",
    "texttospech",
    "tts",
    "tospech",
    "translate",
    "tr",
    "toqr",
    "qr",
    "tohd",
    "remini",
    "hd",
    "dehaze",
    "colorize",
    "colorfull",
    "hitamkan",
    "toblack",
    "ssweb",
    "readmore",
    "getexif",
    "cuaca",
    "weather",
    "sticker",
    "stiker",
    "s",
    "stickergif",
    "stikergif",
    "sgif",
    "stickerwm",
    "swm",
    "curi",
    "colong",
    "take",
    "stickergifwm",
    "sgifwm",
    "smeme",
    "stickmeme",
    "stikmeme",
    "stickermeme",
    "stikermeme",
    "emojimix",
    "qc",
    "quote",
    "fakechat",
    "brat",
    "bratvid",
    "bratvideo",
    "wasted",
    "trigger",
    "triggered",
    "nulis",
    "nuliskiri",
    "nuliskanan",
    "foliokiri",
    "foliokanan",
    "bass",
    "blown",
    "deep",
    "earrape",
    "fast",
    "fat",
    "nightcore",
    "reverse",
    "robot",
    "slow",
    "smooth",
    "tupai",
    "tinyurl",
    "shorturl",
    "shortlink",
    "git",
    "gitclone",
    "ai",
    "simi",
    "bard",
    "gemini",
    "aiedit",
    "google",
    "gimage",
    "bingimg",
    "play",
    "ytplay",
    "yts",
    "ytsearch",
    "youtubesearch",
    "pixiv",
    "pinterest",
    "pint",
    "wallpaper",
    "ringtone",
    "npm",
    "npmjs",
    "style",
    "spotify",
    "spotifysearch",
    "tenor",
    "urban",
    "igstalk",
    "instagramstalk",
    "wastalk",
    "whatsappstalk",
    "telestalk",
    "telegramstalk",
    "tiktokstalk",
    "ttstalk",
    "genshinstalk",
    "gistalk",
    "ghstalk",
    "githubstalk",
    "ytmp3",
    "ytaudio",
    "ytplayaudio",
    "ytmp4",
    "ytvideo",
    "ytplayvideo",
    "ig",
    "instagram",
    "instadl",
    "igdown",
    "igdl",
    "igstory",
    "instagramstory",
    "instastory",
    "storyig",
    "tiktok",
    "tiktokdown",
    "ttdown",
    "ttdl",
    "tt",
    "ttmp4",
    "ttvideo",
    "tiktokmp4",
    "tiktokvideo",
    "ttmp3",
    "tiktokmp3",
    "ttaudio",
    "tiktokaudio",
    "fb",
    "fbdl",
    "fbdown",
    "facebook",
    "facebookdl",
    "facebookdown",
    "fbdownload",
    "fbmp4",
    "fbvideo",
    "mediafire",
    "mf",
    "spotifydl",
    "motivasi",
    "bijak",
    "dare",
    "quotes",
    "truth",
    "renungan",
    "bucin",
    "coffe",
    "kopi",
    "waifu",
    "neko",
    "dadu",
    "halah",
    "hilih",
    "huluh",
    "heleh",
    "holoh",
    "bisakah",
    "apakah",
    "kapan",
    "kapankah",
    "siapa",
    "siapakah",
    "tanyakerang",
    "kerangajaib",
    "kerang",
    "cekmati",
    "ceksifat",
    "cekkhodam",
    "rate",
    "nilai",
    "jodohku",
    "jadian",
    "fitnah",
    "coba",
    "slot",
    "casino",
    "samgong",
    "kartu",
    "rampok",
    "merampok",
    "begal",
    "suitpvp",
    "suit",
    "delsuit",
    "deletesuit",
    "ttc",
    "ttt",
    "tictactoe",
    "delttc",
    "delttt",
    "akinator",
    "tebakbom",
    "tekateki",
    "tebaklirik",
    "tebakkata",
    "family100",
    "susunkata",
    "tebakkimia",
    "caklontong",
    "tebaknegara",
    "tebakgambar",
    "tebakbendera",
    "tebakangka",
    "butawarna",
    "colorblind",
    "kuismath",
    "math",
    "ulartangga",
    "snakeladder",
    "ut",
    "create",
    "join",
    "start",
    "leave",
    "end",
    "chess",
    "catur",
    "ct",
    "start",
    "join",
    "end",
    "leave",
    "bot",
    "computer",
    "blackjack",
    "bj",
    "create",
    "join",
    "start",
    "hit",
    "minum",
    "play",
    "info",
    "end",
    "menu",
    "allmenu",
    "botmenu",
    "groupmenu",
    "searchmenu",
    "downloadmenu",
    "quotesmenu",
    "toolsmenu",
    "aimenu",
    "randommenu",
    "stalkermenu",
    "animemenu",
    "gamemenu",
    "funmenu",
    "ownermenu"
  ]
}