{"version":19,"hash":{"type":"Buffer","data":"yXrTZzQyRZoCNLgCbied/7eqwuFHXFCL3n6sxtSI+zSkIqujgGj4G1VUE+bnEM9EZD6pGAUkgKAvP2UfKesvWApTvT6lCcyKjT1b3fPYmpgHhrnd0QL+/HCiOAbr3CPk6D7WmB0p4ol0CyqntnUl/cIebOvvxzhVwktlRt9hz/I="},"indexValueMap":{"F/1LNhV15gTaR8HrFhU4zWYtxKeRDQ6Ri6vMoi59+LQ=":{"valueMac":{"type":"Buffer","data":"j6otQKehOcLsUSqtY4CivIU3ZP5DPposqJvZzKztDCE="}},"HLzO+j6OnANNRCf1g+RAq0oEoRc62Fxb4VD8718xUww=":{"valueMac":{"type":"Buffer","data":"Kka+VjKfot3FuZYB6PDiL/lQVnh9Lnsj3zQ/o8nNgGY="}},"T21MIHoX56K8R3+JUduA//mKWCt/vuWor8K/6S/TKfQ=":{"valueMac":{"type":"Buffer","data":"JRqDZKl8DLPDazTjblT8m1NVzBJHyPYtSawkFmyfl54="}},"kK/wl6gC1iBmHSZWQkdY2W1PhHrjAll52FypaajhF+U=":{"valueMac":{"type":"Buffer","data":"Vjzkbg0Rd6fjDgQCna0o6R7zqywZ6/287/mvI5WqgHc="}},"+HEob5jfh/ZjJ7T/dXBbNEVWh8fBtdOCqMFkq/o+iEw=":{"valueMac":{"type":"Buffer","data":"ai8IX/a7wPPlPxlzGVk58ah1O4MYy7blyNtZceTknN8="}},"7NnqFSwnVphGB2wkpIkcGuT3JaRDB1kkROfmUXEUnyA=":{"valueMac":{"type":"Buffer","data":"i/I8Bfi51gWhpTPqxCA3OG3tokXqbsjf9nBBtRCkUVc="}},"rnUwjfQRHyy4tcK1Yb800nMAwbJOZ6oJLLsiK+wEXzQ=":{"valueMac":{"type":"Buffer","data":"A1CevPSqLuIfdx5V4iZTYrN7kDsYWs5nlHtgvH2/vpM="}},"G+RLETVVWYU6WawvnUQaxFF9lBls5zx8IggY2daTlls=":{"valueMac":{"type":"Buffer","data":"kUmkG1hdBjlfxm2j5p91M288pjG/Ktpz7Q6zBUOE/Zc="}},"zRP5CTT1cPfu5Cyts7ys1M6+Bxtmm3icxO5hvo6c26E=":{"valueMac":{"type":"Buffer","data":"Ypi7tf79ZuZQRQAzxLFNRBndpiftKkcxVbrirZWQC10="}},"kLPKsysSbMLU+hzuSZTpI6CnHRRCR3rERB7yjr0T2WE=":{"valueMac":{"type":"Buffer","data":"JrGYgYFfeLilX8GOoVpN8dfkpZKfcZmLiAY4wwzVOT0="}}}}