{"version":120,"hash":{"type":"Buffer","data":"Bb3xKbjPhj2orsP9uaQsmhXXwdnc99Mz80EksMUY0PP7e2BYetcIs2syYVCg+UdldsG9BMP6Ncp45CaKHEwk1ZYD1X2cLnQWE9pV4IIC/4fll/jwGg78oklN2bvvfh7S4xjtxnjetu5Ovji8If41k5YJQfKhspB0eQ/iXy4Tp+c="},"indexValueMap":{"ADPx0fqAHJ1iNxYfppwPlOAkP+HgIVfa1XQg17LO85I=":{"valueMac":{"type":"Buffer","data":"816XtSyQxTqTEGeD0uNjDlcM7ZpD3HK3GkX2Ny2zjio="}},"AHo6a2vbZ9mAYA/mtUmK/eallr2uaVVb4A8HPrTftsU=":{"valueMac":{"type":"Buffer","data":"JIPT+oep+BBRAOVBHJs6AmZUWjh3B8V9DFoRTwJd4xs="}},"AMvN1omIYbwZBsIWkrS4YfVkLIz7GYUGB+uwl5qpAV0=":{"valueMac":{"type":"Buffer","data":"pqXYDL646C4Wt+KD6sr8tfCoPZIvhRg2XrCBEWg7pvQ="}},"ARL5xFMKDpLV1/nkdz/S2alCnsN06jfJ2pjggWxdn6c=":{"valueMac":{"type":"Buffer","data":"6xJeg35xKB/o6FBK/NbJRnK4xl7JJps0Juw+QS0eSIo="}},"AXDdfinb5mrk5lGM1JMaL5OWI/6eTYNzS9tpRyLeYOg=":{"valueMac":{"type":"Buffer","data":"PdxSjd2XtPny4TlUd7iwAl0oEjpyEy5lquOPWCPlLpo="}},"Aa/CDWZ0hWnWqBpfrX1jxHkoglxA/M+TvW8TIOVENOo=":{"valueMac":{"type":"Buffer","data":"g6B/O/81s2TP2XBV0Icc1+/0F0w/m2ELI6zcLnD+7wM="}},"AbyeTk9v7NJZvk5SlZkJ3tCeQq17+4czoLkag7JnRZ8=":{"valueMac":{"type":"Buffer","data":"ZDLebClYZ7PPwjNXCspGLdxBBi8t0g3M40pVwT0rmHc="}},"AgU7sDOanxZOdYrcM9kAVKtLalDq0Ya/ZVxkSj5kE9Q=":{"valueMac":{"type":"Buffer","data":"BdZdhlWcayGKoGccRM+7S3VbrWqt89gcnwmABlibq4A="}},"ArXB6ayzoR1nKJ5gsCu9oze4DZUyjbx2GOti+ZFoyeU=":{"valueMac":{"type":"Buffer","data":"W2Kpi9AaOJOojCI/QRyw8w7mylmEpFpZ/eClnbBYNcI="}},"A4CNpwTo2fY1ECmT+LjcX0QsA5swp4g1DH88TjStpqs=":{"valueMac":{"type":"Buffer","data":"Zatj1qH9ShR+oyHyQHjVTtuAup2WCaRJete+xZZZKd0="}},"BMKfRG312S68VqcSBSYFuQhchSyimqY9LHcEjcwKKAg=":{"valueMac":{"type":"Buffer","data":"RXNnB/bHQHXHQ7LGpuHX30Qq8eVZf1Wnd/KHBko9ZRo="}},"BM82iY2DkHi6oHdiHP8/DSVfOoHnnDTGzeyb1d6HXFI=":{"valueMac":{"type":"Buffer","data":"iVyf/CNDPPTc5iTdsv1ovizri3mrEfII4iwpAVncuhY="}},"BPJ979E/ivmU3S+CFPDcs8WV/0MxBoxblrNPi44O8k4=":{"valueMac":{"type":"Buffer","data":"/mofDCZvZQB7FPGgT5Oxm8qJkJ0KwF37NzjE8lKaGJo="}},"Be/uX47bxzLrteSRMlWVQHcKdOqmI2tlMynTiw8wMgE=":{"valueMac":{"type":"Buffer","data":"DJwvDdQAmJXkhrbgetjAKtxTTuA55Caco98pw2wZPCc="}},"BoLmKYrhsvhB7+yrdV0iLfkeH3FPvE8lsZ7KlB0sgcU=":{"valueMac":{"type":"Buffer","data":"mY8Jc+DjmgNU6JZR3v1pHv8S5cNWIWJ+ISEz05otvCU="}},"BpZntD4IywRutK/RP+f/OtxLb/q/nlhHhrFfkpKmVLw=":{"valueMac":{"type":"Buffer","data":"AprSwms2vJGnO9ldFT6LvDF6ExXwh60XEZlFdFKIC98="}},"BsWTQohKSOn+W+/txvKqFV8gtQYv7G9g0EVoHZ6oIrk=":{"valueMac":{"type":"Buffer","data":"oE/fvhS0d762rgixwbi8wf0PUF/ja8+JO8/fpmJ1uZg="}},"BubHgIXZZ6QUzSo57OWLUlyHTy4n01egNFkSNIyRIg0=":{"valueMac":{"type":"Buffer","data":"AH9MUgj9vXSzTPc08Q6MirWXOQHaCECjki+2ixde5oI="}},"BxGSQSCdqVuZ3vO9ZfR8mrwAzn1Gi8lBZLpZKXVxcXA=":{"valueMac":{"type":"Buffer","data":"Ji86YwGpwwTvi8H+vmjUHZr2JLpiSN62V2jSmJJqT78="}},"B1Nfnw8WeMXkqgKkzRLWXCJVUPEXPNG1uXvtthFpSpk=":{"valueMac":{"type":"Buffer","data":"DJNO5xnd64GlgePWyOgnHQoEkOxlV71PCt9SAO4qRgc="}},"B4jaAXWOGOTKv8NJI9+EiiacypuVy1Wp6GXgXtAKhho=":{"valueMac":{"type":"Buffer","data":"RMrReQCtmM++4oMYFFjjliJkyZ3IIKgiRRaNKsOtVu4="}},"CF+3hJd3in6j9k8iCOuu3ssVhUoV6fiSwog6irxKCII=":{"valueMac":{"type":"Buffer","data":"bjM5RYfxaSWoAUE+QN/2XN3JKd0Ilds3NcFURzBfnAQ="}},"CRSVFnUFWo9q+S4aJkordN0nVVTUsuMgaxWONnxs74s=":{"valueMac":{"type":"Buffer","data":"QPqRiB8WZEiE2tBMFgKGcTxdzB8jp6BdM0AupgWV+c0="}},"CUoEUZktcXbgHA2jA9c9IDcjrkWEaS4lqnYBmgUdt6U=":{"valueMac":{"type":"Buffer","data":"wSfenxXUZaWK3iPz0uaQT9zskTU8LzEFbxZuayUx1EQ="}},"CeoTxY3VDfTi16jJNQFI22B35hi/Y4S8jTMll0gmIU0=":{"valueMac":{"type":"Buffer","data":"bjacNph3dPB0Th7N42G5cHPQYhFOBOCH7ol6ucSmoSc="}},"CjmV7f9kWRQMNJEu7gj251M+9zd84CjlM5ShGXUfNYU=":{"valueMac":{"type":"Buffer","data":"biLUWvHDfQ6MF1MwtDeGNl6Ms6YimMBQgG4fJPGIxCk="}},"CmrawCjcCQwMtWV6KAxuLvVljY9M/j4n32p/G4jGzbo=":{"valueMac":{"type":"Buffer","data":"BOMJ6VI03XYwvnC/YvuQA0AWsAJniFr54WA5vNQDIQ0="}},"CqK87JZ3CShoWMpI60GlW9S5wbj0gw9aqvAyJJl8pEE=":{"valueMac":{"type":"Buffer","data":"VI5GMer1prvjgGT4/hLamx0+LwXlj93Uq9MguKd9AZQ="}},"CtJVs77iv1EsKqb8b5U7fVrFv3ms51oXnbWu8GPxHl0=":{"valueMac":{"type":"Buffer","data":"NPbpyM8SrSQM4xDKHM559zBaVNo2iUhntcPACzN/iw4="}},"CuDIkmOrTuo/0coYGFLGDmuzIRBF4yS2vyIYnoup+II=":{"valueMac":{"type":"Buffer","data":"jDuEt6h3OZBCuNnW5/3SXl5C3ZI/3uWCgHkQBOnMLNU="}},"Cu2+pKFGSPNRBXg57OfY2+D1Qv98nLLhSM2yoDKoISo=":{"valueMac":{"type":"Buffer","data":"d2ob70Mjt+xzvyT8DelksKDCJMODve3wPlafgxhSKgA="}},"CzaeX4gTdRnA/9wgZIFyTb6R2zB7JVJKVnJE7R3mvco=":{"valueMac":{"type":"Buffer","data":"2ekFG1kl+oajZh/volrtKJXI8/+tuw4CUqHMP35xNvU="}},"C25haTUYjKEgd/mP8BCqHRvgfuKiYbDSIWCyjQWw8p4=":{"valueMac":{"type":"Buffer","data":"4h+BkSv9GSbO4KGpW3hVTk1Fv2IOT3LqY4OlOFRN6z4="}},"C/wDMbs0RiMhR2JBR78L6z/vZC4eZx0FD8NnhtV+9PY=":{"valueMac":{"type":"Buffer","data":"wXPDYcBiCMn9t78YsIDzxZLeK/AXZOQpIv0hBmxMtRg="}},"DHOjhVXjIvu05/OnnCzWI10GxqGImtTiuEpWVUqcxOc=":{"valueMac":{"type":"Buffer","data":"Kh+EDlSvXdDkHJ4cnqQAs1jY9JhPKBzzpJF4WGNhx2k="}},"DPZTFSe9QlYpQTaoeGR1n+u016OrY2LrM1ti52/ufqo=":{"valueMac":{"type":"Buffer","data":"Gwzvt9o+twn6bY5e5+CcqS6djjjZnPOKOREFxFNb43k="}},"DVqgBqNLjHMQa2EMPVL11eby5BRV7re7G/Px4995nMM=":{"valueMac":{"type":"Buffer","data":"5ADHceYgwKjTM+msDcYhiXFi8BFCo/7wVGZyy1tP8kE="}},"DYXwwlhKYTDJJqRTRKmqUiQIofIV37YR68e3j+Aexto=":{"valueMac":{"type":"Buffer","data":"aaF6D5nvdE8IoPUoEh8VMkfJGOoiJlE2Ydt9oNxDPs8="}},"Ddi6OtsKnQfeJUNdRPzEB0wG5dtEdc2JiOSopG3Xqhk=":{"valueMac":{"type":"Buffer","data":"14pfhB98uvSZP5oe/IxiGSn9NuuQl/+pOwyH3ps3hw4="}},"DqJMmEq0DB5Yz1pTvukd2Rfs88jZWl4khB1zsOjjacM=":{"valueMac":{"type":"Buffer","data":"o0zSDZLG+0cW4PuIYO3MTkrSLInYATq3eJgHg5a9J04="}},"DrFem860rcc3DWyAY65j4SW5Z5NQSaQecXBVpz7l5ZI=":{"valueMac":{"type":"Buffer","data":"zbSx1yxer1c+IxR5oqXNSKhHm03drJM6wLKn0eFs+9A="}},"Dvs9Csv/zax6n/nrXqtXvDPPjS+4b/NMquC0BWYgL3k=":{"valueMac":{"type":"Buffer","data":"U0pMr6oBNa1sAbM6gWVpjzXrT1OoNhXojATGymOzsNE="}},"Dx/oiEPNMtptb2R1Y/Lfk9Tpzdz9LW2djy7JJF8wVKw=":{"valueMac":{"type":"Buffer","data":"qO4kPlHtfVXnJ01F1vhvncrRK38N5YhnfWaGJPZRkMM="}},"Dy8VX01y7K4kMZ2mlZbmg+rgjQJuTD3POJrsPlHFtSM=":{"valueMac":{"type":"Buffer","data":"BTHRlvL7qWTea3ETNE0eA37zRHAXHsZ8niTf86zii6Y="}},"Dz6Swpdh1gL5DD8YguXnkLFBmyliMIiK4jaYzYyDzC0=":{"valueMac":{"type":"Buffer","data":"TZLHlTaaywqTyfyLSyivHAR6+1CFbPOys8jiTNCO31k="}},"D0L2cJekliTNa+6jeh5SdS79rD16m3JqXH/sCAxfmf0=":{"valueMac":{"type":"Buffer","data":"nYqqx/2+LBfuqRAVfeSDbyvNXlbd5D4hfqn6B+6N5T0="}},"D2DsIl59YBY232yP3oKJ4NGkO2g+FvVMhSibdRyVl5A=":{"valueMac":{"type":"Buffer","data":"Zqw/VV1Qw37e+smedu0KItIHFDxuVZOD6Y7s/VNBJ7Y="}},"EFwg+2ua6rbfbFQ2iOwJp9nmJLwJGa+DA/a2Cd0gvSM=":{"valueMac":{"type":"Buffer","data":"NBLlrhzm7VxcXR4mRMvYqxzeneOZIZQD2x3uljDJ3Kw="}},"EHx3c+vK92+WUJiOEvJfsXht5P3h+G/r+yvJJMTeTLM=":{"valueMac":{"type":"Buffer","data":"3dxWqbHp8Lq9/mSfnw/u4RgIR7ydWE7t8mDqi86ydv4="}},"ELEyKuxtWI3RtQQAy5br+AIuPqWBGnygB/tb3ux8CHs=":{"valueMac":{"type":"Buffer","data":"lLku7eTff4/umRGbtlAHlOJ4/vqNp+1WYF0vAlLV/CI="}},"EOfe8CYtUut5D+FoNIsPfgGvvelQs+bwaS9hbjA7uLU=":{"valueMac":{"type":"Buffer","data":"jS0JngRj17nBthq3KTyypSsJvFLzcW0X8M9NVM+7X/k="}},"ETGt4B/bdDeQi3akG/wiude6gwtAY79kAUT7epY211E=":{"valueMac":{"type":"Buffer","data":"ydUoSrBWL/xVQG07QMWs3OB0Dno0IphhicnLxvO9a34="}},"EfYaQcpkwNwCrpolmGvrAEl7TJJEsOhyHbG1NrRtPOQ=":{"valueMac":{"type":"Buffer","data":"UDSHi75uFNSv5VvJBUpQ0KQvPLGS1I5jvf6fSef2sQw="}},"Egkha8zraMcZf1EZCVTxtBmeXNWWm6KkM8EmNLTy/C8=":{"valueMac":{"type":"Buffer","data":"ntQuPv9S32KL0evmcr1QNq3gEE9g/VDz5I9+KUIo7NA="}},"ElRvvbc5owKEkj2RJv4gggAwBzGF3372QbPuHb0ruT8=":{"valueMac":{"type":"Buffer","data":"zZcUdHgF4zZWx9DpxHKRy6AsFcCs/BxsYximn5nEU4c="}},"EvlNNrW+yQSb3iIjAj0wOX5kQzWP0YnxV4xSAP7ymbI=":{"valueMac":{"type":"Buffer","data":"QunDx/twpmXcnRbUTUg2/zq708SUGksa8dqbEi1wMeo="}},"Ez/ptoJg5qk8t3MCmYAn4GFWo2iIuvOX/95FpJfKRQw=":{"valueMac":{"type":"Buffer","data":"vp6M65kqAb7vUherprOMhU7qC68vVIpaeasnOj4pcCI="}},"E5c0CHawBT4crFGHIHXcpSG7MU4yGEGWfsUwRe47b5A=":{"valueMac":{"type":"Buffer","data":"3OecCjrdipzLCmameMYfDz9O7o5FWr8fw6ri6WVjwcI="}},"E6wxbZShcI7w2STFE7s+ERnNY7dsuGWGTuGRuEhO790=":{"valueMac":{"type":"Buffer","data":"11SVeBJjPXLKRVyPVapafppogr+/tJggBD6iOPPGSDs="}},"E868V2TtNrZnX8FConnskKZPMGZdUsOCr5opuWx83oQ=":{"valueMac":{"type":"Buffer","data":"obVtevkiO+39I0+rcWp1O6WfBgBTwcl90A4EAID33NE="}},"FHpS/UX1rj+RuktjxzHz46QNPwyGTsR4txgIcY0vwXM=":{"valueMac":{"type":"Buffer","data":"kea3gPJgLLdqx2ae5cKcRqHI/HHDAmSZwKE631Ui/OE="}},"FJzPEqc8H43H+VAs0qjxrBlXV4Zoo90DdVSBUv1PqI0=":{"valueMac":{"type":"Buffer","data":"0rPfQvVk/a9qBXxMjfOeyLsqEkX4LO7xlAJ/e7op5ps="}},"FPE8NrPfWQFtxWFguXb7+AJPUTznkkv/so0AiSCnkjs=":{"valueMac":{"type":"Buffer","data":"rreg1RLYGcXBAP9fyygaddlQWSce769Xm31EQ5Abd8E="}},"FTxcvqyJYsfCzbOHPAjU4W2w4Tdx2F0sGqo7q9MUO6k=":{"valueMac":{"type":"Buffer","data":"o2SNBseqgJBK+QLy8uks7kTDKQigz6zdN69WnQVzAnE="}},"FXFJFb3fENtBbMdnFcqgHVN197GRcPfY/V6CQyh5v50=":{"valueMac":{"type":"Buffer","data":"rf9n8b+nUuQEIE5h7s7EV5/pvmZfnNOQMsJPGQUEiDo="}},"FaOdXNj3XvPmjENjElLnb5rZJSGmyGQt5V2K6+uaCCg=":{"valueMac":{"type":"Buffer","data":"D5eGfVs6i44QRkxgdMX9uv5UzPDGGRnzWcjps0Bg3do="}},"Fc7+KWWfW2pPDZ5bWFdQ/lix3MnySqHeQs4ulPTdA+c=":{"valueMac":{"type":"Buffer","data":"KItpvQnA1bSCeWCiPhY6fvZz4qcBJcZPi97UnfY/NOs="}},"Fn+7EwnQRE8O2dZkfmcnwB71ry5+FqFeAsHcBgjbq4M=":{"valueMac":{"type":"Buffer","data":"kR+XrS1C8LAC6IOZuYGHsA3RUViyOlzQLhdwKVbyOCQ="}},"Frx14H0rzpsARuqLFiYxfqrHxKRu0SZIsOgA8xAM0Mc=":{"valueMac":{"type":"Buffer","data":"V/wJ8fiDnlh5ln3QgYTC4gxGPiuaLvYfR6Y6rd/wEtE="}},"FuFLX9/vEt86KqiRN8TJBTPkGTaHlvyHCWNQxVbbqlc=":{"valueMac":{"type":"Buffer","data":"8nJkE0c14jI6sVqlvqEWu53CQ2wyzuPsejpbzpAwZjU="}},"F6x7ayxLVYlzUz/f7FeZlkphFe7YdREM5j6queV7y6k=":{"valueMac":{"type":"Buffer","data":"6IouwPzmzYgRJhOQKfGzWpmrYDq6RmS+hQ/hQuigNP0="}},"GKklsDEKJewY3GhNtwTorwEpl24xUPiKxbgi5zvV2RQ=":{"valueMac":{"type":"Buffer","data":"gyJ5MA0P6AF5+L2Keu5p8kn49moIx9C6VKyVZEHzKXw="}},"Gab79NZ9Mtap7tSjaObaVwfj8DrDWIK2pNIod2ZjK8s=":{"valueMac":{"type":"Buffer","data":"kULZR7xsfs4qKv20M+TjT4cqJ3OlVX2ndqOTetCEY0E="}},"Ggzgm5g/Xsnbd0x2myybMy8mYPzq/bOpbSG4qmt5Rio=":{"valueMac":{"type":"Buffer","data":"bn3R87pKT+MPsPP5tqYgbLVaX40DlzciG8oPvRsmsNU="}},"Gj6IIsQ6TglC/mCLmoURiT7uQsONEu82d2GefHEsba0=":{"valueMac":{"type":"Buffer","data":"VE2COGJfX6JO0PMvp78UUREmYiUM6W4XjORzro++j14="}},"GtV29cUZlsByp2Au7eUYvFpLHP1MIR8vqhDwt7U7m7k=":{"valueMac":{"type":"Buffer","data":"l8Rtb6OM3diK+Qf/UIqFjJJa2278phL9eJh4oeuQFII="}},"HAuUyjebtz0fJYvTtX6bkct410bOVeVWsBVSBHjymQU=":{"valueMac":{"type":"Buffer","data":"A0HBPowzF/Z2BT+G22aONKMszvtZp6u/kWOCGcrm4qY="}},"HBN/MiXoBKMptEu/6Pta4+BHpoa8J7XV3+3b1MGBxVw=":{"valueMac":{"type":"Buffer","data":"zpSEUBg+btxUHZD3Udvnyqhtij4ybqtXW1jq75PgVmE="}},"HFoX5MMNtQ9CCNx8LgsqpdBKEg7MrGljGhTLIviGjvE=":{"valueMac":{"type":"Buffer","data":"SdwrK3fq2TQMCsm37QQnJqwWKj7dwee9WVkFG41ZkNo="}},"HHxj+eh18O3zCvH8FK2iguBFFVtuAZPdCOEbfIWiIus=":{"valueMac":{"type":"Buffer","data":"qCrw2RDcaRawjv1Xl51OcLJ7zmht/cWcJ1LsDHO8N1Y="}},"HYrCeQgJVG7Vpf2hrQkJydFsg9FHvJmXNRccQU5oUxY=":{"valueMac":{"type":"Buffer","data":"gVMLgDPtElxZmiSWRefeqUYvpiiPQCYLRdELVX23Pdc="}},"Hbh3kEWWnOtz1HVSh953nVbBULrDFaqQ9JNkYVET49I=":{"valueMac":{"type":"Buffer","data":"sCT08IYh2LKi8CwI9VGihU+7ikXJ3vr+CdrxfFLadwE="}},"HcBtfXrMO6iLyd2P18RYyuZAonk25ou/dS0dbOPr/Uc=":{"valueMac":{"type":"Buffer","data":"ttoNA7zC9zDkPoP6tEPxJ0RSm5DEfI2hr2hd/2bDsR8="}},"HdGmTk6IxLovlQRegWHOB+S12cb4/jMiYKrnMfC7+YE=":{"valueMac":{"type":"Buffer","data":"cPVgXBqhQa+DrBaUDxPWv9FvqViBXMay2nhN8DxxRfE="}},"Hvdyi40fWsVVMZ5C3FNtEqwP9NW0plVPugVqpMf0G2A=":{"valueMac":{"type":"Buffer","data":"u+Zb/w54m8hSRG11zF++YXyELjqsqROeXu5PqEovkLg="}},"H0DvjbzQfYB2XWWjHPnLxoItQxFM968CzXt4sFxP8tE=":{"valueMac":{"type":"Buffer","data":"LrRIMppn7fSr9Yq6rhOhf8NjBMVFn2w/cspyYOod1C4="}},"H3waZCMr/zcuzmJ6XnEmrA9Qrgko8LCE5lbx6Q9paJw=":{"valueMac":{"type":"Buffer","data":"A2BKjU4KdA27+F4Nh8v77rBVtcEiQ1Px96MlrEET+O8="}},"IDR7SG/G9YqvlzxPKeifJxWDEJy00EWHnINwNqBoyvw=":{"valueMac":{"type":"Buffer","data":"3OCA+OeIFLuA50xJl905qnN96PD0gXzxLjtkoR4qNqI="}},"ILYuvcRQcH3eRvWCobiHNmbke+feKE8LWPtgtLI9IKI=":{"valueMac":{"type":"Buffer","data":"IfU9AJrLRkf+eQgYBHNYp+210l1b8Z7tLljqWxmPPjY="}},"IO93LSAGwL7OF0utmJ5ke+6G9WASvgRd6f7kAaaRaj8=":{"valueMac":{"type":"Buffer","data":"LUCNEaMyxxzv9DXW+TajRZ71B0vKu+iLb7CmEMZz0Js="}},"IP9N1BCBb/aE3++6AvIRmPOtUITrzn9AEQgdFOKgNaA=":{"valueMac":{"type":"Buffer","data":"D49a5iTipQBwJlK8ms86PF/nWEapL9WLeVxsqnOhPbY="}},"IbKXVEQAmW2buE6F+zFZG1ll3EQ4hlRRzzJ37SlhYBo=":{"valueMac":{"type":"Buffer","data":"QqlyCicLwzOXsDRlTRMkaoIyVABwkXkbQhlOLX/Rp6M="}},"IpUom3eiq3mfCPz+Bp9M+MzDGEVMxitH01OhHfDbT/g=":{"valueMac":{"type":"Buffer","data":"VOmaNOipEnnSCR6sJakpexvL7VozrSCK6poS1i3F1qA="}},"I7IqpOCC0iu+r9s6N45m312X2o/PVM/0Zu+S3QyssJQ=":{"valueMac":{"type":"Buffer","data":"83WuGuKXSunPTwS9cRw5v4oNBM1lzwZiWY2y+DSyixI="}},"I8X39VAb3T/rHY+l1514VgmbCT/yPLhcp3JvX1djsVY=":{"valueMac":{"type":"Buffer","data":"cCsRhbZMw2+nJhxBjWffbFEMHXQy1CBXMIdEkHv2ALg="}},"JRZvAJY2AG/KoB1tnbL2BJUeaZ20iyuJcgeYmmHXURw=":{"valueMac":{"type":"Buffer","data":"tVlfa5yLCdJ34Kbi0yOsk74iMKX+EKKqwha6OJMe4JI="}},"JZvavUWBMYvFtAbGoqWwQtWLUBpZt8ug0NOIrf6VdoU=":{"valueMac":{"type":"Buffer","data":"DsekaIEcM8x82fppDn2EDbLNDjG6+NoEoj8mGTuI3Lk="}},"JdrAmvovPURwGrMoC1GlpHcnBUuuDuTVcQxtA0/YT1w=":{"valueMac":{"type":"Buffer","data":"1Kf5Mtv/8U7lsTMNkJ3PJf/33AMsLpyNNaNNC0jRjYU="}},"J7aTU1kYT1kqCmEH4P+X5G7nm+lx+pR42+cZymGZIsw=":{"valueMac":{"type":"Buffer","data":"09ygjbGSKaYgd+YX8OrYSdTA/z4NFWEA/1oPH07o7HQ="}},"J8GLait6+Qp3mk2PGrrJzCRUXJwLkvduy7qmHHwyWE8=":{"valueMac":{"type":"Buffer","data":"nTv961+RBGs7AqsLSxz7Vu4YZJYuRL+6bhE2ABDUhJw="}},"KG8kbspjztwHXRmgXHJeM04Z91uz0wIVvG+vfZdVROM=":{"valueMac":{"type":"Buffer","data":"YOUWZlQWFZ3GxjgMpl9+KtPWwEADts0pzW3yIeU69Zg="}},"KHyGyxkHFhhiyU12eCx/TJtQtl6cKuo4J4CI2jkcaHE=":{"valueMac":{"type":"Buffer","data":"AKiUIKyAwIo8GJV3cpw6VcQJwy4KfsBi1AQ8XX7bD/o="}},"KLvg+4Em5oj8xX/riAxrjBuorYenPDO5IAfYg+nE20I=":{"valueMac":{"type":"Buffer","data":"NcrimaymRAwv3jwWzFQXy8+Maq6ZUmvIViiu0KQ/WTU="}},"KQ/VifJE/l64lXlo/6T0QwfXw5zxhVI5ABdtVfVcnmY=":{"valueMac":{"type":"Buffer","data":"PInTMC4GWoKjyJoQECaLMVjLCCJ2BGSWVuI6VPJo9VU="}},"KVZLGaL0QvVdo08K1Lc13HQO7htkMFTJD5E7oqugHUs=":{"valueMac":{"type":"Buffer","data":"hmhNfClSemrYGHrE2okF8sG17Cefa5TetoxcaD2snDg="}},"KZNJnm2Nxb49IDKwrNAuWLnT/T9D/Orjn33Bv3x4P08=":{"valueMac":{"type":"Buffer","data":"0sVeUWgBqBzVW08y3r0uDrXZxh/sGKZNs1Z32pHZxpc="}},"KiFowZDawyVoHzJ19gauAHERmiZqVBVh+ySAF0KVcOQ=":{"valueMac":{"type":"Buffer","data":"OrF6vgqUQYKREhpZoV4J242gtHcwB1if8ijfcy94IcA="}},"KpYf0xAwBWcQ3OzhBfUAHt0l/6x94Vf9Pi2CTvqNlls=":{"valueMac":{"type":"Buffer","data":"SdNCAOd8Kj70ej5INf7M6ZYyOA8edG1xplilTPNoDS0="}},"Krv0IT51xzbuV7TfYUyNTyrreeTbymAi9TH9Gp5OGfU=":{"valueMac":{"type":"Buffer","data":"s5iKm8UJSxKKmlnVzlSSd1+UafEZJxvFU7DEIkGD4+E="}},"KsQ2AP5f+2cyJcxeGWyhuNEXQf9El0YAErqQDg5huXc=":{"valueMac":{"type":"Buffer","data":"8/u+y7vWM4kDR6giq0e1xCwBXgfEHm9As/U828gy6Gk="}},"K0IR7FUiKlyfoGQ70rUnoq3N1YqJ6NSjTz6nmnWK7LA=":{"valueMac":{"type":"Buffer","data":"258sn+0EFhuTYKoy6hvW8XOanMjazAeV27TWjFu7y3s="}},"K2Eo5gSYccxCi0u+it98VI/lBdvAG3CNizuvBrT9pDs=":{"valueMac":{"type":"Buffer","data":"nhgTIaoIgHzvA38Gf2pH9qQV4mWz/RR0SCgiuF7Lk9I="}},"K7xZiGItz71iIELcLERbZqB4Qo1Heny+6tJKHVumLh8=":{"valueMac":{"type":"Buffer","data":"HdLf3kjXVbgmiP4ByMNRqvyl+I1m3vhDJmtMxbDtUs0="}},"LBvFUYOn0Nyu13qVhy2XJkICN3YNsKvF5zi+O0fELfY=":{"valueMac":{"type":"Buffer","data":"qhjo8os2hH0nlwOMt+aJ+W67zxTR5FhwE6ms95SreqI="}},"LCkfrCxFF4TOVaPbvxzQQJN7JuJXuIuIqv12a4/4GGQ=":{"valueMac":{"type":"Buffer","data":"Q+ghnKXBfMayMePGmkoOmsAWhK651VIfyDYg6HRFAkY="}},"LHuQdPANpG8xnQKAdiCaSYwBdar0fq62psTqXk7nt2o=":{"valueMac":{"type":"Buffer","data":"XrJD04H69bO2yrlfs3oTsOBCQNdXPul+Qdu5NvShk+I="}},"Lemyv7FEVW0b1ebXYE4T8Tay3Z+xo+fDZjIw9TETzlA=":{"valueMac":{"type":"Buffer","data":"x4Xs3R16+2svw8VVlUTdFf0GvT7vi8ShAzzEELv3xzE="}},"LscXe75NMBjC1abWs19dhHSKrTCkX/LnD2gK93J1Aj4=":{"valueMac":{"type":"Buffer","data":"CitlO4fAQkH6/m17ZV4s2F+49XwJ5k5wyEyHR5WDcqc="}},"LylXZBBtqvdfJm+hDDjkqT7mFC3F38Qde/VLqviOUaY=":{"valueMac":{"type":"Buffer","data":"C3LfPX6WEoUfqyITRuy1Cx6zb1MVbv2Pnr4sDOoVf+0="}},"L2KP8cy1GQJlJWbRzPCvvaT86JAOyxkI0xN+dIExy6o=":{"valueMac":{"type":"Buffer","data":"H8dd3dpB/HxdrcAic3BVqVoxr5HapPLOge+4M68zSnA="}},"MD/YetTsLcW6yo9405VcwlI0At41E0cVRbTRic4dJF8=":{"valueMac":{"type":"Buffer","data":"xjvaaJxW1Vra1eBvwGWcnySwSaW65xTf90HbJrU6Xms="}},"MGGxyWuUt1BU/B0Iu3B1llBGMNtJtZkCFV+1lhT/ysc=":{"valueMac":{"type":"Buffer","data":"b7hansZMZL5Vt1H0bis82BgOzylk0jixgEiD79/jmiw="}},"MKc2Xi1IkrbsA5ud21VXxnEMJAyxmjaB85KtK3lH4vI=":{"valueMac":{"type":"Buffer","data":"ZaaGaIF9/OzTjL8OyvYsQGX+3jZ2lSUmYYsUESJDdZc="}},"MyrJzjKMfIdyAH2yIrneCCMQ9eJPmxlkwKNVmuur5rY=":{"valueMac":{"type":"Buffer","data":"2HgVzcnlwMB/Aa+Rw36S6jie6GHau6PBKCRRK5f9rWA="}},"Mz2HLhrsdmbZMWY/POfd7hip423XI8fdYP0S/ND7WkY=":{"valueMac":{"type":"Buffer","data":"OlRupu3BDMAdGlm3vgxLEFmiDxEBdXrKPs//iNPAfTo="}},"M39B6G0SzISO43dg6uGh1ZS+8oDmjNGui7w2LavoY1s=":{"valueMac":{"type":"Buffer","data":"JVCP695baWYPBU80xW/o537TAw90jx3jrmmEor4aeM0="}},"M4lOWZ1KzBGvj+q19c1F6HbaKa8FvbIIowZJnL9D48c=":{"valueMac":{"type":"Buffer","data":"fUIoO+X6vLttsrhG3XMtF7Qt/yk6n/clAnr61NSIYHA="}},"M7pUGLNWUVKYZOzReAPmP93kXLRJGD3EdO4xVNCbKq8=":{"valueMac":{"type":"Buffer","data":"7HghYc4dXE8jGnqZKbUyF+/TsmOZlojIIW87FfcCFd8="}},"M+0t9qUMGEg6ikHGNFIlMSo2opmygXINJKZTyMr+Tcc=":{"valueMac":{"type":"Buffer","data":"gn+B/OlMcYnJY2RQfn+DdK3DII5q/6c171m50YvrpDg="}},"NBPqwAAikkEnne8LbX2UFEJPagEjHdElHNYpRnh5+XY=":{"valueMac":{"type":"Buffer","data":"+45lkYPBowWXZX6u9FqJxM+P1YAFpoc5TAHutufo6GQ="}},"NNKgom956a/Cz6GBFz5QzdQBwazwvh7B0eFxvpn8qz8=":{"valueMac":{"type":"Buffer","data":"AWs/pE7vVTQnazS+gDD6wRmJwGlPZObl7NpIBF/kR7Q="}},"NOIrr28EZrNfLwh93wckp3ikgHN9fYfBWIR422S8E3Y=":{"valueMac":{"type":"Buffer","data":"bsAHs1Jrw7oROfcTS5UFsbnxCPuIlo6vnszT21bmuqA="}},"NQzCu+dDArNK7uDeviESNNKSUyLPNKWYkiPWi1T0KKo=":{"valueMac":{"type":"Buffer","data":"Xcnh0p5esDT5VqUS1RkISzR9NHwCNsETXP+eclbnAeo="}},"NWDAW7gZ4+yyEAxwcNeTxIBZaLw+DmMI/AsLR1avqzo=":{"valueMac":{"type":"Buffer","data":"HINVo2gdxogdvPLVvyFIR8pbOJRId/vvfaXqqaVxJik="}},"NYk1PDHdBaSiMVKsL8kllxHAoqg9RfFOFj/qFzKcMf8=":{"valueMac":{"type":"Buffer","data":"iGzksut0a7XCQINjP4ierTXXLLoj5vxbrdGKe9f5uHg="}},"Nd5zPvdTwTYbVdlA1nFqcpXXSis0Ijd/7lO0HDo3KTk=":{"valueMac":{"type":"Buffer","data":"f5+AzPYC+Ewbbrvy2/SKMRgaXzKELtjArR42qd7/jmM="}},"NjG/pet393XPrZF6gWn/c/woOMpUQbqGEsqzV1QwKpY=":{"valueMac":{"type":"Buffer","data":"VCdUORtXgUlegZS4u6lDM8/GMiR5KIOc2WvVpGK2RVo="}},"NkVM0SF2OlojXobO3xo2VstJFao//bpsuF4yo+C/OCY=":{"valueMac":{"type":"Buffer","data":"S+N67zWkKaaCWknisGN88xIMuDLny+ZloN5TVAzi67o="}},"NnpaC/hseJV7sz3uVbWNatODJ3afpQnSOO97km8Qlcs=":{"valueMac":{"type":"Buffer","data":"FW/jJLBjjm9xwwAb8TLXO2Ufu5H8XKg6OoRnQZCw7F0="}},"NuBtTanFoZroxAm6yuPhxSXgO0GS3JnOC/mXeiiOZk4=":{"valueMac":{"type":"Buffer","data":"TnvstsoKR1n3d3+OuzAhQ8z4vKPf324Bpiz5jbjGYew="}},"NuFMXz9ylenqTgiTf/aBUTXADcSmsyRX2QCaZBhVjuc=":{"valueMac":{"type":"Buffer","data":"jJa6fm8NZk+rQX8keHR93isQFxuOnhlWrsCOFSihYGg="}},"NxCGPNAtL7iuYj6hJ1FyIGcXqGQ1d41JowZtTzHKHvo=":{"valueMac":{"type":"Buffer","data":"yJhPTNm1uS3U0zzEY0blw4uFm6883DDMM0cFOnCGZKs="}},"N2ITdJmyzyvFYVmnRxBQa9H/3MHbAxxllxpZyEw5MOg=":{"valueMac":{"type":"Buffer","data":"17tNIU53rC62NYGyL2uyiBB3M+QVfc6AT006HznU6/s="}},"N315SIvORdM68vWZHU8dLHZuD2dNYJkOMVCe0TKmueA=":{"valueMac":{"type":"Buffer","data":"/XTOLY2Q4Fyg+GZzC/OQSL9GyWnlfTEsijvsdKYODxo="}},"OWMDzweZXdi/sB7g7NUJ0cNABo/4CMWnWKBxempe5XE=":{"valueMac":{"type":"Buffer","data":"6YkiAJlHF7z5gI0yORLQc+fb258x2bKskEdN4gkXAH4="}},"OaImmqytYnM52YRwUlK+oCyIl6BjDERN/LraNfaKEW0=":{"valueMac":{"type":"Buffer","data":"ZS5W22pSZI3c8+TnI4APitD+Y7LdoAIBgxTDcULIPxQ="}},"OlZH8vaqLPbT1OOHFhTw3k2zSua3/urda9Qy5BAjCJA=":{"valueMac":{"type":"Buffer","data":"utGjvP1A+CGLlHTIHJ7rBHe6WElpMxuGw1unHN2bknQ="}},"Olm6MCG7UkWs4c4lgX6rYqzbbH0TDMTchGmrFyntoE0=":{"valueMac":{"type":"Buffer","data":"37NWK/80p1pvKTvOmeKWHFRBtL84iYIYksuIcsuVTEE="}},"OqO5fT/JDnw0kWtCZomVzo7j6Ei5FCrWwB11YSI19KI=":{"valueMac":{"type":"Buffer","data":"q7PS8VZNm1+vgQx4O7hRzjYzh1oK8kzNvW+EEMRfjWs="}},"O5DzGGhVc2BcydRQyM57jxD19ylpNxBqOlWUks7pW6I=":{"valueMac":{"type":"Buffer","data":"ciJryK/+kuNw5bs7/KbH0ahPwwNLCrIL95F+lbsF9qA="}},"O+NZp3eWxM2JPsxyYpmtERLusCNmQKAqZBoDPzCVooA=":{"valueMac":{"type":"Buffer","data":"0SZcTw/73c1GtVrZzSgkTlvHx5tosWqV6jrqQ1D25lg="}},"PQmHxaVvgFF0x90jli65YeKMTTF01lAMR1HTYmLm8cc=":{"valueMac":{"type":"Buffer","data":"q4D+T0g7TY+MtRf6O0UArv75udOceI4sT18k9xa/CRU="}},"PSEhcqIex/1yxmXSfP4G+JL178svBV095O2Ge0Crtjw=":{"valueMac":{"type":"Buffer","data":"YU7kuW18GONZtjOGO92c7sfCTdAnSQoMzZQuq9Bv7h8="}},"PSc6FkUFK1HBEFMCQxFkzaQqUbNHbCiy6T1c7a0yKPg=":{"valueMac":{"type":"Buffer","data":"5+LN2o/6VHYWccFyLhZl1d6OD+N5EbJ+czgu9bQKMoY="}},"PU/sxdeyjyvwMxgLniAXA/uXFGpFjTY1PCVUjJkPJgY=":{"valueMac":{"type":"Buffer","data":"3tYjUvMiLGF/1FIf6pwXVt3zjzPFUmi/zC/bunomnAk="}},"PvHqVWFlVju1XWaFCJL2/fY8Wy5ETu83tgjmTEKbMpI=":{"valueMac":{"type":"Buffer","data":"Jo9ttV4IaEh8z8sEzxzRf+KIg1H9+Uqgv+Xe5CAVhQQ="}},"P2LMQ2h/zxpzGuDm7wJvtB8iDofkRwt3EdNKVGFT50w=":{"valueMac":{"type":"Buffer","data":"yvaXxVwb4IBV56BVspfBX2/iTkwNXgDnNyNVTXHlruE="}},"QNao9apn9JM2bC5L5j0V+qG7YVQFrwKFnc5l1xg+K+0=":{"valueMac":{"type":"Buffer","data":"gYP0Z1ZkbfRJoXZcpZMPa0sM46ZcXmBzuZZmroCDZD8="}},"QPlVuImFAEIswMNO658SEZ6v+ox3qD7Nj/APZGc5oaw=":{"valueMac":{"type":"Buffer","data":"DJMfOYOpD5RXdUD36ZLvuKKbmLGstTLLRpIKn4YXccc="}},"QRLAMFLTLQFRFtmOwPwrJ4ebRvRRxH6Rut7jwUiVph8=":{"valueMac":{"type":"Buffer","data":"vHCgD0/QqAeq+IBZJ7syQGNK897GkSC/tthBs3AGL9E="}},"QUzwAUoab98405t83pCedQ6ethMQYY1xJW494br5eTk=":{"valueMac":{"type":"Buffer","data":"N1Mjs+XYjObARtTtzyI7sBs3JPnpF7Qzn7JyREn7j60="}},"QYUln0eapJaXWdcEa57AIcfjNAlfzha6E4wb0jb9oWo=":{"valueMac":{"type":"Buffer","data":"+Ovb8A2DJmeQ7f7sxB71hg5e+wcGl5PeDtK4GvVK2Jg="}},"Qb2ERybWqUBRhnlCxFMag7ZOqVNLyuypgyn7H7O+qGE=":{"valueMac":{"type":"Buffer","data":"bddEa3OCXZov3fZ/Zc6MIdHiQhTHJkg6nQIZgpAM97o="}},"QdDsaDTd9HEzRZhuNKhLESsbHHHLejAMish2g5n2goM=":{"valueMac":{"type":"Buffer","data":"JU+n8wlvvUtWwC0D8zOGPPICqCEvmuXqq8oH3Q5l3KA="}},"QnixAzmemDgmeEckE6mq4rKWzU8KF5vwqAvBl8aiS5k=":{"valueMac":{"type":"Buffer","data":"YJ6bnxQVjUvR5uJcxTNcz4POMgOw+F3BUwFlDudM90U="}},"Qo7DBUw43DFV1W+suFr1UpopWcoCjMQKfIbKumZ4aJg=":{"valueMac":{"type":"Buffer","data":"ioLgNubTLVFnbj1FLvM+UW2X2eMebEkCjgbir4OsyUI="}},"Qug64LiSRK3rW790BqE9pPeVJDEMaEJbHsMr2yY1ZMg=":{"valueMac":{"type":"Buffer","data":"bSlMIv9bnzev2gazRekAGzkm9Qu8uvwRMELwcKNbV0o="}},"Q682VwnspE56fDebxqe5ABj3b+NPtqmRru3toBgLSkw=":{"valueMac":{"type":"Buffer","data":"d/g/IwF2bjKdsI6wtXsjuxBETEQR5T+9CnN0UabF2s4="}},"Q/md+ngUclRgvRASUTwLL70JcqoEWXNJoxrcxB/gKqE=":{"valueMac":{"type":"Buffer","data":"ui9FHLTAzujjTrPvsu2auwL121gFeCn/sQnxt1JA+kk="}},"RCBlZXz70s/TasigDtCIm/8uKELNmOuvxpuoyO0qhQs=":{"valueMac":{"type":"Buffer","data":"6cAPrRdRRTzOuUIMFe7XpwY1U458766grxa0PdXXsJY="}},"REsp9Ux+0oxWIG8Zmnk1gQTlcaqBUxVN6kpiQP27+xo=":{"valueMac":{"type":"Buffer","data":"e1D8NX60ZFu4VBJSL/jEhRNGHsCaobSEBow+UBDAyr8="}},"RHwoMliPc/plFF/oZ61T5UeOM9qe1Q/M1uS7r4AnpRs=":{"valueMac":{"type":"Buffer","data":"7qgphEPXQygs25NJ95x2yr58z17snF8sDfwZQ9zW3TM="}},"ROcMXQU6dRom+YO/ke/BLCPVjDjurzpqwEoMDiTJ5m0=":{"valueMac":{"type":"Buffer","data":"dt/eLTMKJ2wrytLl0aDE00eyDCWWLjuFVYg9oB36rYs="}},"RWR4XcSosNDC0TQ6jyvNlAdyffXC/Ec9hrm44CTuNlw=":{"valueMac":{"type":"Buffer","data":"Ch+dpUyuaIcWQmGQCaTrhfytpcTehHeSZRBUJL/hV1o="}},"Rk7WQWqDWjN0X4xZJBTBVRHrJgrX2PxTIiMTjaKxWDo=":{"valueMac":{"type":"Buffer","data":"Z84Xmj3u1lM9HG9DauYd2dr7lTyCQvFnZiX6kRHMsOU="}},"RphniLWEZkBPk05tSOzu6oSSdaNNcv1hAEPKNraamOQ=":{"valueMac":{"type":"Buffer","data":"YE6+8cUdM8J0AyF+jV+l8eYhmiU7tcVcbqJzyBRJmzc="}},"RuGzzVkgG9irxX5czQiyUW+2v9fu5bE/pPB8kYTBxew=":{"valueMac":{"type":"Buffer","data":"CDcY7TYEfr0Y4qhCTUJKB1toZ6PwsBUUJI41PKpgcCc="}},"RxgPo5i28w1LUdfNI0UqTC6Zuh1pp76e5osip/jAYvc=":{"valueMac":{"type":"Buffer","data":"tp6vkjDNbhRFnEDaYJIaCAG0Gsg7IiYxTRNDFwJ+Lsc="}},"R//dI32X1NBX4O6IwrMn7Kx/VkmrADt92HdqqjJtcEU=":{"valueMac":{"type":"Buffer","data":"FEbDliaraABysYzTZN1vtEe6e1nflUVCLrU451hKcU4="}},"SAds3V+REkqD8xKXsqjDbnJi56PufaMHvwqgTfj+b1s=":{"valueMac":{"type":"Buffer","data":"xDjEu253XAWz0gARGSXYCcm0RTvemV/7DAXBb/MQ9oQ="}},"SJqgGp/Ub9xPki9q6yYWohRqHpJ6j6qS9xM1WRtnpmA=":{"valueMac":{"type":"Buffer","data":"QoX9ASxOOwWA1XtOTxEZ1vnh0Wqzyh7Bg3p3fZK+dX0="}},"SLjTWneG0LDsp7Dne+Ur2kc3RADSJjzrfsyNERhG8zw=":{"valueMac":{"type":"Buffer","data":"Tu4yb9+zXJ9kQkX7nhU7pTJzHi0i8rS1vf99OBdPSdY="}},"SdPLsCprUDfKuQ3SsOBJ+yVW9yOFT5AXwHq4jzWfaCI=":{"valueMac":{"type":"Buffer","data":"qt+O2fIqsR41hAbCKmqpGDLXUbNIWHgB/qop8/GDgQA="}},"SeQUhcFwTYBmI1y1gK/qd0sZ2ZbKi61/KcSlW6dgx1k=":{"valueMac":{"type":"Buffer","data":"YYOp92TOM9MZAZnWmYFcl8Q/NmRSVqxxYWzRRa4wV2s="}},"Sg5fIG9tJJ2x2Fq3BgRXqM2zn0YcDciX4DBlhaKvvnk=":{"valueMac":{"type":"Buffer","data":"KjP+s7Tu+umQqHrJ944nmQbZwvzIl+PG3DcLjZU/iCQ="}},"ShmD0QRUOVX2wEbxexwQDhXoKnPPimAm+KDwBvHGQLM=":{"valueMac":{"type":"Buffer","data":"xQGAF3zfeJ23A8bEUqFkWyfQmLyPjh0L/JcSQUUuFXs="}},"SlaOGEbMFYB5Y6CbAfF3DqofA/Z7Nk4/cIbK0yasRss=":{"valueMac":{"type":"Buffer","data":"uwMpMMInRz5+lwunO6V7iujH1iNW+hHNSq6cqcs2PpI="}},"SrXTietcL+752xlCLpV+md65y3cKQ/TmMvI6IOkAPY8=":{"valueMac":{"type":"Buffer","data":"mwgftXHEscKSN4kYnoS8JB7h8O3Z/3iVzS8qzXvFjp0="}},"S7Gl0l1zqZV0WRLtH/XNr/f2v+MZmefmcbRgBQQ6/U4=":{"valueMac":{"type":"Buffer","data":"kcCRUe0/sVFWUd3OrXWw7cC3GqeiCNrEHJEuhiwxk+g="}},"S8Vw9EBcH+6EA7WRb30GDuPZ+gtDMmwv4kuhiEVs0Zk=":{"valueMac":{"type":"Buffer","data":"YcshHGAcrCg3ecFTeUyVY3u7tYEqtjoau/p0TIlw3Hs="}},"S98jONTxueTl8GyPesuz4c/l6XyN18aazIlR1ffgaxY=":{"valueMac":{"type":"Buffer","data":"8eZNILfIFI6td35enX5DZb3XMdc67gYEa7+kWR68ALs="}},"TEuQDVSiW3TBqnwJuneecYNkCLGlyeXW5x5/3X5bEEA=":{"valueMac":{"type":"Buffer","data":"X53ce04y4lgFu50SHTrVrqa7v9/b8Q633/HfOuJIsKo="}},"TMbY/SHYw73eR/U6ct52siMIPJgn63v7dpII7d3bg5g=":{"valueMac":{"type":"Buffer","data":"5SJlbtA1maj/+ZIYYOCuiZEkhq5MxUtI513bl/nDX/o="}},"TYuq3HtHE5JaQu6uNOI2P+okrlRq2+JfSF+9neDIL6M=":{"valueMac":{"type":"Buffer","data":"+9CzV1C5NBwCJ/Ck7rkwAmallVOzjG0YH0Kwb2Z8BYk="}},"TbaCB5CGJ331DNPQ0oY8p+KBuzZiHgDX/d9HSR0Dn4Q=":{"valueMac":{"type":"Buffer","data":"Fq78QGa50PcMk6OIdvR6F+j7LyvP7Q2yVghKJOqVCGw="}},"T3dZLXHLXQOb9X7FwAOKYou4cgsK+quvpzqy85q8nUU=":{"valueMac":{"type":"Buffer","data":"IPzAIlWfhmDmfxhJnFI9/jeD8VE7nhxxbJpuPRT1U2I="}},"ULWbRZpzFBvHs3wtcqbAnQ11tavQtHENAhBr1KyYklk=":{"valueMac":{"type":"Buffer","data":"5+4ZNO67M1gvsBojIxit7/ZMgmY0WQ17QwVfrfREnF4="}},"UPUCXAkJL1jAvVwk92IIcb5PZWtEAtYLxpNIFtPDOOQ=":{"valueMac":{"type":"Buffer","data":"/Tz3wMkkp1ZFFKJNlK6XrJzem7GihG7fCS0gmQox14Y="}},"UQ04GA7Gis7KVnhbSACg9oc8ymLkx+xS58SCIyGt29c=":{"valueMac":{"type":"Buffer","data":"/aU9BKTp9XTpE2JcN1rNWoLtzinyknK4OsXm8VAkAr4="}},"UTXiJe11iKBB/nlANn4M1PLSXFDcQoIZhiHMREulyQo=":{"valueMac":{"type":"Buffer","data":"IWcEEs5jHYAI2TDuJq7ATdVudhhNbIfnMjkjqu1zvyk="}},"UT1h7xB0xUCD+q1QIgeRVshQQNGsatUI9RL3fGKLv+U=":{"valueMac":{"type":"Buffer","data":"wr8gg7srAfd2BujjvvvB6BFUX4Cef4sdTFtjo7mplcU="}},"UX1+aBaGZ+1scVC6p4XcEhq3XZ3CdEymE/VH9h4MvAE=":{"valueMac":{"type":"Buffer","data":"8rj1Em0GgFUCWBPJo/WnfFFUzDqULMtUGC55rPTnGPw="}},"UiPo3dzYmZzs2nlmbiXHPrSvDsUwOV5DOGnEN4CxkU0=":{"valueMac":{"type":"Buffer","data":"jzsrrZg1/MEqFwAujzjhV4TbWJmEjp+ms0snKMHxksM="}},"UjKwwJATd/D4/n3v1a1fRLCAqPU3NLGhhSyJo2rKBew=":{"valueMac":{"type":"Buffer","data":"BKqTSU0LU1SenU4XpsZta3rNwQmHJeZIgvb85zr9wI4="}},"UlLR2DFddA9CaBqszuBxI5yK9D0myAs9Qbsxxqd6mZY=":{"valueMac":{"type":"Buffer","data":"qna6LOGUVFFgpc5viTIEe2QfqYMenXrjSEx6lXmnm8w="}},"UmMNYKl5z+eXYG1VP2N3zrjLjLC1vH+S47heay0qNHY=":{"valueMac":{"type":"Buffer","data":"xY784uPtnvbBguPbRNq3DajRl8IqjCfuMMMRQwUETEg="}},"UnhUuf/V0cx5eu0RO1R/f2XAt6646oe7lhE+GbngCbE=":{"valueMac":{"type":"Buffer","data":"bqVyf9BpbMHRq4/e/82e89gRHEVvGCURM1+y1VVqoIg="}},"UoIWroo4bq0rcysMVlPQB5+6W5axsnkXcyiqlLnRD1c=":{"valueMac":{"type":"Buffer","data":"LQkT0qu3/zNqquarE73DRdgk0YAmxmZn6cqrw1JK+5Q="}},"UpfqaxBnDgzrVmndpuGrCJN9odGbXPtstIs4ZaxvpVg=":{"valueMac":{"type":"Buffer","data":"d123Q1QzA/DpfOE4IcARk1MxzTpLhl/uLIODU+qsjGs="}},"U0cTmCzehfutGwq1+Lqt52u0WygTyKJPWIifirzXFr8=":{"valueMac":{"type":"Buffer","data":"Bpe9Ym9R+ByQhsNWyGtfSb9YST/FzLKjmF/LydJv+T4="}},"U0wyejp6lARuS2mgg4BGOJxNDe5UXddNyic8RTAmgTQ=":{"valueMac":{"type":"Buffer","data":"ngM4mCNniO/4Q6hfjrUbd5gI6KWc90wOtLtiOIOwTXY="}},"U3GXQGK8Ec4C5nbKmGmSS0kaCadN9UsGDSMG+sRorCc=":{"valueMac":{"type":"Buffer","data":"QTA0tbvCWXM98segzw/rsgGUuBHB5eU8eHtRwbgDZCc="}},"U3fbiLr9w17b1UBQn3EKmSXxx1LVJK9FQAtgVBZ5dL8=":{"valueMac":{"type":"Buffer","data":"tjpAsPt3oQ+d9Ke3HFcCCgI/q+8m686lPZFjVrXN+ZY="}},"U6T/QR27Xmht3vL0RCkxfgQMDYSqUEyMGXwCUfyCiss=":{"valueMac":{"type":"Buffer","data":"7uTnps/RkxuIwWJfkmydl2iV/q9/0gSQ0dXwWQcIRkk="}},"VBUJlSIorWplVs8WXClk8Yu7xr//rNI7GOAaKDHMwbw=":{"valueMac":{"type":"Buffer","data":"78avj2oG+ruPxTdmTu2Cdzlx7ULG6Ol0V8lV0XTwzoY="}},"VBhBz5AOufOJDZa/myiOuzqzbCdxIYS+IeIQ3mHnICA=":{"valueMac":{"type":"Buffer","data":"tApkB/ccy2EEew4HjvGoZMGtLRKpISvBXKUIBw9Bjbk="}},"VF1UlTteH4JIxpW2yjcOqxmyennVc6qM8mcJNRWjeFI=":{"valueMac":{"type":"Buffer","data":"i3zWJ4YVJgTme5eGpZcelm3pI9PSVSW0NsHaFAfIrNk="}},"VHhy8eNUr7Ij1K75klSIMDiaxiT/TtQpKFnsv9v7nfo=":{"valueMac":{"type":"Buffer","data":"97fvtoGGCTiqyS0VJAVOGafd1OcLznj1uJ0aU7ZMZAQ="}},"VHjexsPtYteIt1ur/9JsGCNOfEi/RMpDXCrI3n9Bub4=":{"valueMac":{"type":"Buffer","data":"DvjapV8C8d3vnyoHoQPNiPucwwnCvxJMqUJZfHi4fVE="}},"VdTJs+tsEna5+//lMsoAyeOySxFnQ7/hZAYxiHwpoJs=":{"valueMac":{"type":"Buffer","data":"DREfWglFvaqHM5m7EYcG98pALckQ4GoI+5G4Pm6iLEY="}},"Vf7JGu8TbB0y03ux9zJwy4TGZdyt97tlSTV1fCe9Edc=":{"valueMac":{"type":"Buffer","data":"TsQDi6GSQwp6iZzP+7TzYfpKKkxyXvRNqbUlsAabGss="}},"ViFrVkGrOb1XLe1MgaJQ7hl8qaiOuK8K0F8wlFJhKiA=":{"valueMac":{"type":"Buffer","data":"N618d7ddbwQGT4+D2u9+9Yu0cH57ckfFzT5xO9FIBU4="}},"VlXIdNiVpljazZD/za5BLacYs6ebhwuMLn9gCyZzX8I=":{"valueMac":{"type":"Buffer","data":"ov1v3STgETK+gCVV6gtJ3KZJAmTr/ani+kOcRNWRsFE="}},"VobwHf/UWwwuIigZZi36NmvoZ+RNMLJljd694wYXn5E=":{"valueMac":{"type":"Buffer","data":"b79YG3uD9H0Ykyf/T/N6OvpZesAAGt15TKBiFtZQPNg="}},"VqZqcN3D7pEIAYt7RS8EObLX8W9ID3D/Rm2aoJW6yho=":{"valueMac":{"type":"Buffer","data":"0WAWW5EBwULelMkB/aDRO+2ZsGZg1yhqnUicdVtojnM="}},"Vs8t0uURNfL1Ckmv59OrhBCuO9msQK8ieReVA0L0j0o=":{"valueMac":{"type":"Buffer","data":"gxHdi/XdD/l1Ejc4Przga7XRtzrzpeBuhvnzNPh4RIs="}},"V0hiico00ljcWWKhsE/G0fzbJkJX2Gp2eMSG/84vFbI=":{"valueMac":{"type":"Buffer","data":"sGiNIJYb/fD+5utlhy23tpWMFvDpM8Z9Zy3F4dSnT2I="}},"V2DHzsrQavS7+/w9QkjluP8R08y/KboKducJkp7RW38=":{"valueMac":{"type":"Buffer","data":"IeitHfHUDpfIlm5H1g528ubg2dt9rnQAm5KZdluEGZ0="}},"V3S3U3Prww0mxRfp1QtvpZo51SMGrHHzP+7y7rcOJw8=":{"valueMac":{"type":"Buffer","data":"jUjhQTTD5tp5dX7B1yPk2eiATvJ2+sKOvgg6w8kWWNQ="}},"WH0GL/+w9KRjxZszNTrL9KIoUDSW2wqU7mwQJpw0734=":{"valueMac":{"type":"Buffer","data":"j9GQX/30bJPBVXC8CwYbjcwzy6e8d918tIyURQJFSaw="}},"WZRdSK01QU8tLE+OsIeLzdsZEKje9ZoLE0/ym9/RZpQ=":{"valueMac":{"type":"Buffer","data":"o8AZzBcDfd9L7s723emkwO3A/GtF3m1cR21SX7B6hR4="}},"WiGmGH6Sl3+zkXmObrxoBYxTsRiefjn/ubM0sLARmTs=":{"valueMac":{"type":"Buffer","data":"8gB8Q4B6o5Lz9w/6R4xjeY1Ls9ijFBW4Q3qipyZJqPM="}},"WyB2NdzFzfHwl8IoA4Gdd+sk6ctAzISPkpDUJWrTBH8=":{"valueMac":{"type":"Buffer","data":"154XFvl7qK4mS+TzBIKJwQOEwGsEPrx09su/nLxTrVY="}},"W1/K4FM5OaY/zJ5cAzsoE/zm7hlXhkyMUiG4jk2UZ8Q=":{"valueMac":{"type":"Buffer","data":"eJvDuj50tDDk/QSTi0iRpEEcIX2nZgfkm8lb2wEItxw="}},"XBawq/48hGdFYPjb/EN44FRF1UKjfG+WnrK/27cu2e0=":{"valueMac":{"type":"Buffer","data":"4RQbh3eS3kONObqY3y6mv3Zedisl9fz+ZnTusX0FPo4="}},"XDK38biS8yRxsnjsBWZPC36o5XO9Jbd+d+40dXu//Rk=":{"valueMac":{"type":"Buffer","data":"ATbR9M2AgV6Y5EEU9Gs9li4ilq3tzN1vwpqpYqojq38="}},"XE5J3xA19Nb/CniKqyUXH0o3EElMkkBjJPFZtlaTsWg=":{"valueMac":{"type":"Buffer","data":"+WSviUXRcT8xx9wUe7JHN9B9qLINLtsTHpydHfaxE5c="}},"XGc4GpdFciYj9KMl5ib8VwoStrOliO3CngF99fY4zb4=":{"valueMac":{"type":"Buffer","data":"2U05VIRBjPV53kxglgEKYPJb87zkab2ExdI35igm77E="}},"XHlJxXckAcNt75ODugT3OBoeAK1PxYxuZT6gwI1Mq/U=":{"valueMac":{"type":"Buffer","data":"oTyAs0hTq3ZfkVH1Tg8ljDfDbqpIeduBIlorq2WPi5w="}},"XaiFxYGJ4Ldf8FZ/bax5nxA51TO9vFx2EJxnufQ+04w=":{"valueMac":{"type":"Buffer","data":"RFc0DkaRubsvRTfENWxNqaamdgZ8fOt02bnzBb4GIpk="}},"XzjGFh4pQvQWLKkUESxAal2VCkONPNY+DWIWd6p32Mo=":{"valueMac":{"type":"Buffer","data":"gLrvFSmzSoarakepLSvACBExmUY8mKpZP+WWkTC5TJE="}},"X9jglnZeQKGoXq25ybomaCNRkwXXtxdZuBdHWv6Xhqg=":{"valueMac":{"type":"Buffer","data":"ShSim9mZgKOYOLaX2M7vNbt964xuNYziaH3adYd1S5M="}},"X/7t+DBNmLfDZuNhAn0IwcfXU6o/a6nY52thwkhvTpw=":{"valueMac":{"type":"Buffer","data":"QWPPpFwwraBc0cqMp62WMCMxk5Ank4BGUQwOMaFx3rE="}},"YJjYZFj7xIjoEQpmcXVHWmreHC9cJBi4Rdl0H4yIRT4=":{"valueMac":{"type":"Buffer","data":"s6WbUzW+ai37V0tyz2WquUV5FVvxhmjSbu/em+pDN/4="}},"YVTX7BYxOn/2K3OBZst5gSPCfsksMOIrib0ul8Az9lo=":{"valueMac":{"type":"Buffer","data":"3UD4y+hMGlgr0GgkSYXM7n4VrjZTtuJmMGh//o5nizY="}},"YX41mYfPLjj+U+1i/bPHvTXIbQ8vthHj4+TOS2Lb+lk=":{"valueMac":{"type":"Buffer","data":"qfbovXlJ/+zEUgY3hAxXCs56RtzMir+fsgVQwmhaKuM="}},"YqIUpxK5xT/47SUbenhjWeSXS6WBNkdmj7dSbkeCXqs=":{"valueMac":{"type":"Buffer","data":"5bmPu63TR6gd3q9QXwRSJjefXh53+2gpFerIQfGYk9A="}},"YrgazycAIxHR7TpsGpPP6Wtnb5LmH9Ofa6Dx3rdTohw=":{"valueMac":{"type":"Buffer","data":"yO1lbEMQjIeSPstZ2nFdZamzAwliTEQcKEGldF1nxCk="}},"Yt6HwePRhFXFoqslFSy90lKJLuk0TC7P2Wq6haGz83w=":{"valueMac":{"type":"Buffer","data":"1HwffhzKKBSgYPuEwkywZA4aTlggBNedbNEsWzFRc0o="}},"YzUL6brHs2q9cshDAnAQyA9KefD/PknTJiutqigubv4=":{"valueMac":{"type":"Buffer","data":"LzULXkEYtHkxzPSZewxeEaQS0yXx3jRefUdz5NVl71Y="}},"Y1MQFjkjpN+EAt0vhV8hSHAA4YKzv4fKvT3Ndo9V038=":{"valueMac":{"type":"Buffer","data":"37JKW7C5WRDfRQnU4aBto9lgO21K5bdPlb+OFV9Fa94="}},"Y4seHNxyu6T0nucdIC/Wyxc7w55KoC7SDTFwJfJigTc=":{"valueMac":{"type":"Buffer","data":"q1qUZTprXkMIYz6JABxpLp4DQz2eiGE6heteidoVNk0="}},"Y7hO1uiOXjGNdsV5/HMHnpMBOMdvClzZS+idaqa0DDk=":{"valueMac":{"type":"Buffer","data":"TKVkMB9iqTUqn5ONIQd+uOQDAyLXuSfWCtGAjgtxBL8="}},"Y/x75o1Q9fCvCx4cQnmdTWCbNcUm5gtuZaEhyLK73eI=":{"valueMac":{"type":"Buffer","data":"hLt5NEBk3UMdXYG2216XxmG+WMXNU8SLJVndeQA4Tnw="}},"ZMriV5oD/q/2UsCxgGwn/sR5ZDr/8D5b/cIS++HM3dE=":{"valueMac":{"type":"Buffer","data":"YRhDvGEVa2ClSYPxRoI/NAcewNab4D2yDGnZyCsOsX8="}},"ZOg6hpb8N2uzVdO1QtByW5FqIjx6NIaYkstYMbx0u1s=":{"valueMac":{"type":"Buffer","data":"zE51boDy3pF3mjInymrdL6OZVqSvi9tt+qPEhiNpKYE="}},"ZTp2vQsfcqdixqRAVBeHbRTzBhAnF4Z94iXKUoHVwLg=":{"valueMac":{"type":"Buffer","data":"ATf2jwfzRJ0XbtPCZQHtT/jDZLcB5KIFZHBdwpamqcQ="}},"ZVZtd4hCl4Yt4sN04sVk+SzYo/LPQOkcIWAqMTYFdWU=":{"valueMac":{"type":"Buffer","data":"vSVbNl+hKPy8hDrkoREXih4Tem/Sb5pIYGh11uUmemg="}},"ZX6F7Z0Ab52RjPlQF8yOgNVng+crE7j9fiwrZ6Eq+MM=":{"valueMac":{"type":"Buffer","data":"wWSkUIa+ypDwaeDHgxsBJbc7LNG0YPX+yxA+59purSI="}},"ZiDBTlCbuxsuTLuinZSByKIY96RQo8ayghzWN/chdzY=":{"valueMac":{"type":"Buffer","data":"1wo337aGkJe4APFnCKl3cN+1+wxQULfeUKkGf1sSMA4="}},"ZnHuCQyuouXDON74IenFvIoMtrMWIO4hk9jjZda4ooc=":{"valueMac":{"type":"Buffer","data":"uNFhAkkiza9MJXyAVKjTWWeZdAqBw5xcXqaDzCEWclg="}},"Zq1HYHF4fiaWk/Rgh+3wEqBAmRfIGmbC43E8xfsq/Vw=":{"valueMac":{"type":"Buffer","data":"hftFY5fdc3cxYInIjrrUoWPBYNcL1edqFoipWjvieAE="}},"Zs6jnHXVF2aYjvrNsk45gI6pCBBHyO+Mf8/6bJUvn2I=":{"valueMac":{"type":"Buffer","data":"n3lnLEhho1O1iJvs/Ma2+zN6K966C7WTeFLk3NDKR8c="}},"Zv/5xw1fY5CYpRI8pE/vPwK0ojnTgXJrvvYBJ4Z4dcA=":{"valueMac":{"type":"Buffer","data":"HL+VMxoA9fHl4AZaAlAsA07GU0OzORIKlxoV+fwKGNY="}},"ZxhBw17JYDutT8lAWoqqOtiyQjzPkDFgDxqxWGTZ1aE=":{"valueMac":{"type":"Buffer","data":"UXT67TRa5CBmy+0dK7n1pKTubX2RZurVq3aY0mEuAKI="}},"Z359Iqk6vIGCp9CQi8ijhP+p5BAcbEW0HFdHpWZFQmo=":{"valueMac":{"type":"Buffer","data":"MM8pJZazwSOXHp7ul/fEoj2qunbEj/OCSllIuzU2INM="}},"aElPKvzg1OftAOiq2++SeNOBJIOuMzacnkKZ83uhkSs=":{"valueMac":{"type":"Buffer","data":"PvGVAjvxWWN1X07O9ghh4n+nj070paNVVa233fBWYHI="}},"aF5Vu+Hq/Uq7PTBDuUMk8oxgFezYFn/8CrkaRmD/gPY=":{"valueMac":{"type":"Buffer","data":"uTAO90VAu9Ei7VRX8ogZ0djSYMJ14Ty+Teti8Qa9S/4="}},"aJ7s7+N1PE4u9xN6qI+Lc++arOBTb2+C7FlN2oQL8HA=":{"valueMac":{"type":"Buffer","data":"JZXOzPY4nfA5vFP5OZW0V83nounOPQKe9FssaSozs2o="}},"aKoah0pRjGrY72CjVGncnqSqMi95HNYoPeBXyb/X5VI=":{"valueMac":{"type":"Buffer","data":"YuSuYDIjzGKFAPHlSReO/i7cbV8x9dBi50k4TReXc9w="}},"aLZ8nZJrX/bvNdrRjf8dD5hS6A+A9Gwjaqbn2x+nt84=":{"valueMac":{"type":"Buffer","data":"BVtvwkforf7owQsmgPut9sqrijI1t58BNA4YxwGRgDo="}},"aso9L3xIPYUjs0wkVPRNNK76bPull5fa1SKTzR9Geyk=":{"valueMac":{"type":"Buffer","data":"fUkRd974+GuhrsOZLuEE/0izP7Fpf0aw/P1E4DM4eYA="}},"avC4lV3usXYoRwL1hKMqqnKFlh0lQ8UQOqAhRy0Nd8w=":{"valueMac":{"type":"Buffer","data":"hPXYoXFgDh/YySJXFuyIcYyqUsnfVw4eIUrwGrMyyM4="}},"azuiao6x8xNpbYBoIlETAzd97E+UI+wSChl1HsgKg8Q=":{"valueMac":{"type":"Buffer","data":"TeuaIJ0bWdgbmllcRau1Liu6HVPZK9WiQnJtsFtVDbY="}},"a+1GqxV+FQzQSReYnKWvV5xydNYAQpD6el/3eNHkrTk=":{"valueMac":{"type":"Buffer","data":"NEJbSYJSloVzg4tfFW+gc64MKXjbj5UfaY/tYByhtZo="}},"a/SVSihjZKDPTjK1DXvtOkds1+JXmxC1Ma2UGp8wG90=":{"valueMac":{"type":"Buffer","data":"cwPpYYvQY1CEOFWGSGpbqLUzr9tr8y5LkllxpGXbb2c="}},"bBLRsXMZocoQ5imm06Gy3WHMtQXAjM8kVRyDmvgv2SI=":{"valueMac":{"type":"Buffer","data":"N20e7umAyzVeGHXXOhkFNtndj0AGURrsdRJrWbdQJh0="}},"bCD+gZ5Xh7pbMHTsFVANsjVbBqkx+6W7LIUHX7R0Yhs=":{"valueMac":{"type":"Buffer","data":"vnlnoLqfMvnyTWskZDVoee6NcgtZ8+6nOXL91tpJ7xg="}},"bZN/4xYd/vGIdJYUB/S2WPbQGZimLaNCmqfWp6GV9hE=":{"valueMac":{"type":"Buffer","data":"pKAut6iiTLlm1+Ry+5OVIQygJpHRx7ALrEqgmrD0EI0="}},"bbMM7+SbFEuETORyV/TwtNE1KSDX0keJKXHbj9ClHr4=":{"valueMac":{"type":"Buffer","data":"Sr1WX70vtYnqPO/Eia/ArWhJyokJph++7Bac1ckj0TU="}},"bdAISgTtBAlNxB0pafsDdeFPvnz/Ot9xm2rd6trbB60=":{"valueMac":{"type":"Buffer","data":"slWOOqr8F202CJkFoBiVcwbehhsV7/D/FojNDwke8J8="}},"beYw9xAWLmmLLuYnYR5cLNlbdiIQ1UN6l5vbwlv5ekY=":{"valueMac":{"type":"Buffer","data":"s6RAedITpeDNqCpECh6FJrnzgyNT8csSKp2SxaamZX4="}},"br9QkaGaQSmlpdT51SDvLq/IWpuf5EUT5lLKEYgUzZ8=":{"valueMac":{"type":"Buffer","data":"nB8vpbNoMdFvUGdDGn8mwjmt6UhIaF/pzPhOucmkaEs="}},"bxp7J4ZQ6QHYpelCnmMlUP7cMqa5fcZcwT1Kz1zfC04=":{"valueMac":{"type":"Buffer","data":"0Gumrn9aIXvYdaWxd9Y6comQfurlNZnhQ0Z1UP6axDc="}},"cD0L3nTsZmW/qLdzgX6vIBZE2m7cPtmtyR9jMz61tRk=":{"valueMac":{"type":"Buffer","data":"K3XmW8xC1hZoCB+S0BRTNY2fEglcMaYTPOB7SyUFWDM="}},"cSvbEzcHU2HOytx7LX3NKY2rk/oe5uOvz8BMubpsBi0=":{"valueMac":{"type":"Buffer","data":"84i3zP+f7+kU9CFOvLDrrsq7Now2VWjdvhle1I4OXdk="}},"cZRFr6QoRpy1+yW7SqU3mUd5/+rZniZHrwEKjIgOomw=":{"valueMac":{"type":"Buffer","data":"zLpPCyvaZRVhk6FyGC//RVDfMngw7sSGraYsIRxUPCE="}},"cvxjv5TnVHlMq7ILPmesqwEQYB1/eW25cIDgriXqKuQ=":{"valueMac":{"type":"Buffer","data":"VSWq6F+6PQKQRHPBefR8i03jemqoNciFCTdB/+Ipnkc="}},"czjjZ9b77k9CW7W+8W03dlpAkFKObKi9FiPqs+qtwAY=":{"valueMac":{"type":"Buffer","data":"U5zAY4UVoFXmA7CsvtLOg/epsbb2KmpJBBywOvoH+Hw="}},"c91Lv5EPw9YVpppyw5CRnKCWoX4aHvpz6ugltcWrYSA=":{"valueMac":{"type":"Buffer","data":"0Iq9SQS/uSnlwWhNSWhPELwv13uLg4zCELXDRrOIFLw="}},"dEBTYRBJBCKXvicIfpeZe1+XlylJBpmh0s1flc+FpvM=":{"valueMac":{"type":"Buffer","data":"Hr7wsDY/KK/eqbxAFhp2B9ZNCwRcA+oZBQNht9HnYHM="}},"dHhuu07fMBx2hxGt/CK6Ta3RIQju1K9t0rhLH68xO1o=":{"valueMac":{"type":"Buffer","data":"omNwhUIv+hbMjfSb7/QVY+If28aByOdOQVLM/aOC+P0="}},"dMHFPzW4JDQWGp1qd6xZCGVeBeCJrAEwqEZ0z+/XSDs=":{"valueMac":{"type":"Buffer","data":"0bxBzjJt+XU6jdQsNtqPGqpCHdT4hgG1JW6Fg7bujvA="}},"dTdRe1KxzZxsNk0tp9wr1GIohJt7nWYLMjFZuAlA7vI=":{"valueMac":{"type":"Buffer","data":"V2VuWcD5/h2DmxTBineHy1iS0CdJQdMMoBGFEw/ZK28="}},"dYHsfYBd9EkpCjyh+VVcOoOtSDkgs9nLkqCg0aH9Hhs=":{"valueMac":{"type":"Buffer","data":"4pMVccAGJ6kiAXEbQEIX87btCBkfKQujt7Xla9DNJwA="}},"deyuM1n7RE1wX9NWPGab4e+lN1+QsvNFv8IHU00vVXU=":{"valueMac":{"type":"Buffer","data":"5Vp0CRVlL3JH0V5JKu44gftmGhQbaJXmsbXdJsQNOxU="}},"dr6gjVtNwvg7iyke6PGsb6PXzMmUtlJuA0SEBhaBQb4=":{"valueMac":{"type":"Buffer","data":"xwckLxyXCXZSMcWngtF+YIRPjxv9up4X4qoPgxW91jg="}},"d1HZMAaQgwTT5Yt72hpyvixcxl+VG0fdIwy5NsUjdm8=":{"valueMac":{"type":"Buffer","data":"xCP5MkxZbHp+BhRIw8qx7O37onzpplWLfgQ6MJCwRns="}},"d8FPMaSU2djQDjq4HkMP/ScDSX/OQEqXO48F58oUJ0A=":{"valueMac":{"type":"Buffer","data":"ugigRl3EhF7eoq8MwXBqW8lHWcFYoudBHy5XJDgjJBg="}},"eOLpHllMzEs8t2+GehzB85KGJKRiBzE3+hCBFeCoKVE=":{"valueMac":{"type":"Buffer","data":"CPlUuUpsQ824qPl0B5jRzAsu+5pLDXrIM5PQfGL1y8k="}},"eT+zrW+g/DXv8YFf+LA28LUecmFI/peILjKF0eLr7ys=":{"valueMac":{"type":"Buffer","data":"e2zaYqW7YbwuL+wLv332+Htyu/7QMI4J36lr4JvFAnE="}},"eaYQBMTIbxTJYtAYzip/BbigS6CnFERhT5u3WFUoYH0=":{"valueMac":{"type":"Buffer","data":"NncJT0HVcM/ss9ZTZHqB6BkRiSMn27PrZCUKvTlKdoU="}},"ek7WOUXAPwFNBRngF6G9U6zRAKHQEYb8DG6kePbqB5k=":{"valueMac":{"type":"Buffer","data":"NlBndMvxmhSuF+Xb2ztFe9T87I4BIH5ceQx7Ej1Oi0c="}},"eyoTfvv+wZiCB6Z58FZLZDFR5hgotr6jfvXs4/WzyBM=":{"valueMac":{"type":"Buffer","data":"HKYTJ6ikAAwI9HJl5a4XJyyxOFyHfk4YoKzcaglRWHE="}},"e4Yx0ju8VOCqB4a3pFp4C9fz/d1Lrgx+17Z1VIw1zQU=":{"valueMac":{"type":"Buffer","data":"Qsxed41SqVbPrjJOCOTZcxYzt5uQmdxRXkBym1k1ryc="}},"e5FoCqSHlPoqjrYc6yd/F0oHLGgiNp3rAOVisrSH1RE=":{"valueMac":{"type":"Buffer","data":"j/qSUp2T72BsX5trzjxs/gFrQMRLw9emeBCYB1OhC1o="}},"fHFUu0V+ly/mzFdlAmV5ZYJI5fxwbEoWRhdScYejvH0=":{"valueMac":{"type":"Buffer","data":"d8f9t/ZU8fUEviwEOMMFkVRMLsIe+aBDW3WW6PNR1xk="}},"fPMd6gKRX6XSC7bVKRG/9Z1cOxfUPIcgo1bOgZV+No8=":{"valueMac":{"type":"Buffer","data":"oCp0/R4olWSh1es7Ia9gAtEtWUEiOvXcqQcOyNbOL18="}},"fYF51eGeahjyD7yz6O2Dm99tlZ//CpVaeeRzWqXzizs=":{"valueMac":{"type":"Buffer","data":"yBvyb5eK3PZEX0pvlB3ZZi27QxB/ylv2ngp+tA+KwwA="}},"fbu6/XP8HGUf8sK9ct9hGOpeNQbtAEAgxUPMmjWaxDM=":{"valueMac":{"type":"Buffer","data":"zhsFSF3+XaH3xrrAtXP2gq+97jSFdqxmbDRFXNmw1HU="}},"fdoinccnNXuTiWV4/whOCrPc5jnua/F6tuABIIw2TJQ=":{"valueMac":{"type":"Buffer","data":"r3fwlBapVq9xYkCOmPVVdOFq5CZ2p873qBgPbVEiaRk="}},"fsHKD1W+iX89aGUwERvREI0ZBfXxNOUK0/l01u8jP5Y=":{"valueMac":{"type":"Buffer","data":"X78Z3Fgt03wwZp4BGkcXxPqGtfW6vV/AF5gkZgnAsbc="}},"f5q+WlIWwgp5jX7GBd1bzoAKgXKqv8UAb12zeXlAMPU=":{"valueMac":{"type":"Buffer","data":"TFWfs4DwFnjaxA48ouz86n4M33f7eyEY+5V1ofSCBfI="}},"f7o/WUujFDjEzXsqfjpQOU5ryr5c8TW2Knyz13Parf8=":{"valueMac":{"type":"Buffer","data":"OJJdVAA+gtPFvbO7JThSppkXrsGiGgosVJw7b8M/qhc="}},"f8bB7cihj3/RVsbvwcS/PG39v42ihAHBpZPz0DpK0Y8=":{"valueMac":{"type":"Buffer","data":"f/+67u+OcR3IUHolVoB9GHx4ZQBrJhN/pM7ydyuObo0="}},"gRIgEqnM7t4VpTBHEaiaCerbvRgjLEDbZ3Uk7x+axnA=":{"valueMac":{"type":"Buffer","data":"Z+MzdDpL7ge+wKR0bdAD9E6dVi2JsIovw5luphJs87c="}},"gUP5V2xe8/MHSgI9pit4PnYU/FJhalqkPYiyk0ASRNE=":{"valueMac":{"type":"Buffer","data":"AWY5o67QQuDSnTcsi7DJyb8rX8NU6rX4wmH/bhDFGnc="}},"gYGH6WpCX5J7qBEdbinaGzfMD+ixZQFAKi4/qTcbIss=":{"valueMac":{"type":"Buffer","data":"Es49NXvpwQZybFaxuPXYHtAcAl8Mg+vYS5wJq19iKdU="}},"gpfTro0c2o8bxqCM5G6jk5iWdxza3OQsrKVIxii7kfY=":{"valueMac":{"type":"Buffer","data":"iDZ0qPTUBDxPQ2+fMquOAQGRegaCjIBC3q2tgyJEz3Y="}},"gpmj/I2AUxWNkLItZQQZi4j3TG7aKA9/wFsxMxBZbHE=":{"valueMac":{"type":"Buffer","data":"+IFtJyEvljlyGsXXxzto6aiwTrEE6AxJES/QT7zDM7I="}},"g3pSKrMxucw6DoCVxLLo2RoUqnRZvMjKrV65GpAJKjw=":{"valueMac":{"type":"Buffer","data":"0LToZ55T52Xwi7yQ3yLIoWXFP573VBMGipJ+tkFCVgI="}},"g/P3MbTcDKfCFd/+vguoZtdDRe0x4NOT9dugcYoMEnM=":{"valueMac":{"type":"Buffer","data":"GeFr7vEBRrDHqPxOl6KJWjM/s5os3jAB/ctEM8qUyXg="}},"hAsyWTTmFLm9UEUcj+IzFS7OqfxuTJbabB1Mon8WTIE=":{"valueMac":{"type":"Buffer","data":"qiBP9liBlHqqYkZZAqDCjJlHmLRzNlTL4BbIMd70G5g="}},"hJvW5KBZ88dKENF9nL6guPx0jqP+9SfYKQi0TVC+QuM=":{"valueMac":{"type":"Buffer","data":"cvshFsRXSbJjxFU4PsG2vQgLsKQ4BsuHfabwGuG38xM="}},"hK2EiJm72IY7goX9mI/s0VvQuyYt2ecpnXWrEzdNNfw=":{"valueMac":{"type":"Buffer","data":"zRw7yFUDszorR7+nrcoGXoSjuOcgLZ21zBVepkbxgrc="}},"hLmISxOSeysQGM1K31lOSSnvdu/eNBZaVaxhfEcb4i0=":{"valueMac":{"type":"Buffer","data":"uJlmcVa6piSFts/UTxKIZuFSrB/WH/pcub0XAKfXVz0="}},"hsAb9jdyEpDTTl+npjGSen8Nkn3njzInm13kdoNm1hM=":{"valueMac":{"type":"Buffer","data":"bpfp0MWbkj4zP60zsSUI1tzP6KI0o9g3Y6ebZ6YGgr0="}},"hvNsMYWIFKVkOC/TQDQQfyBQyPsk1bnDTu4z4Z9rb28=":{"valueMac":{"type":"Buffer","data":"FH/vUVoZUR/gScfgzdgNnVHfeKG28ePnZCkows3BfYU="}},"iLcLF4F96KkuCp0v3k0bGAyihzPhmt2FoS2RMZhXobc=":{"valueMac":{"type":"Buffer","data":"qhTk5O8vg1dC/2FMlXYPye+VSc/6qmFLgN914bprwDE="}},"iN6C2Vc01k3Mrwh8I2wOWvUTnsLQ+7dkvydrE1V4D5M=":{"valueMac":{"type":"Buffer","data":"f34X/5twPyF0KOm5n7pQKSbzakBoMXm7UOHeZtH1MvI="}},"iUO7XVrOUHSCdg4REL5MYy0roOCqsqHFU52W5TL3kB0=":{"valueMac":{"type":"Buffer","data":"x/ohcPuOWSJbHZGyUZ4srTMv/geuV7upqGIwbmHRG70="}},"ivHqykZADUQZFK8YVfEXOI/EQ/JNY3B1alkATvEVffo=":{"valueMac":{"type":"Buffer","data":"yHITCBTaSPhuHXky2vdm1z5Af8kFFts5/DjvLNYXCCE="}},"iwVp9/TavPBZUQdNdG6kdUmNIIMS2uklsM2LTR654CA=":{"valueMac":{"type":"Buffer","data":"fIMOvacJmAZ7oE6pdG5iSIcfJyOU5aoGWuG5vTXnOp4="}},"i33jIEq3BcsDj5f5noycxsKDaqX2MpzZGbaBGJacltY=":{"valueMac":{"type":"Buffer","data":"1JSEa3kWHla4PtGyW+4Xv5xuOD6lfdE5Jki2collkQA="}},"i4Fb8qneu8vS2V+NTYZ0LA1teGWBGvVCimdciJT+m9U=":{"valueMac":{"type":"Buffer","data":"Ecp6wbuslSdNgW8M950aSjzlHFKAFnfe2Cxpn/gUPag="}},"i+Z2isZIIKK25E9LLkVS2c4+29+WFtwk3IV2KJiQIWE=":{"valueMac":{"type":"Buffer","data":"e5Npi8Gbrl6FmLi+U5pHGhmwoaNcm+joggSKWES+lTo="}},"i+oC5TPGFOogSgN5ulx/PuN8jyWH6nk8DNZGiTgiW6c=":{"valueMac":{"type":"Buffer","data":"sCOL5cwSDeLPLVjS4WV9FoUQ6RKgVnJLLYPabDG7XM4="}},"jBzMyoFlZWIMZx3SertH2Q8x22t+U6WkBmLFldZGc+s=":{"valueMac":{"type":"Buffer","data":"4uRhoyo7a/VFkeGy3KRm1+m9+WO0gWJUW/0dxBSriyY="}},"jCBpcX59VBzv5KFkIAANki3iQY1Q7f4nLcBK4IPMGbU=":{"valueMac":{"type":"Buffer","data":"yPwz7QaDWasa8M+r+HRcDmhKSS1VzsyS/0Jupiuy3/8="}},"jFP+jr8IPLANdsUm6SNCnHAWjKPU0caWIikbC+fgFpQ=":{"valueMac":{"type":"Buffer","data":"qMZSwqryFy77pkD6yudYNV4zh6+V6/Pd2hNDpK+kTgw="}},"jHBGQF/7lMY+3xbW6j8goNh+OLZkmSGMJZSW6poX9Os=":{"valueMac":{"type":"Buffer","data":"9M6eNYMF3K8U1uUAqbQ+MWdNEAfhduvb28AGcDAY3Ic="}},"jI7aoqLV8hk0GoNed1pgj3i6maDB30PcJBOjtXEos1s=":{"valueMac":{"type":"Buffer","data":"6mCT34drEcf4aQRXSDuqNQi9nDm+3KHWQRtXSCYA/i0="}},"jLDNUz3Z6nDdDJaOJ73ogb+nXIUdE36y8Hv3gdR+S84=":{"valueMac":{"type":"Buffer","data":"ZDVGQEq5HQiUWkE3H7FiaMy4GoHBvOsXKtEGjNl1y+o="}},"jMayFyv6XVErAKYc8jllVnJl8Up8dyv37xAlj27YOyw=":{"valueMac":{"type":"Buffer","data":"ddob5tdbCN0DfCeRgZbBY7pZNzG80YSGDlYECiOX15o="}},"jX5l6N0Q+Hi5dDkzo0aGJ6LaxEOIrl3Rd/ihn9GBpEQ=":{"valueMac":{"type":"Buffer","data":"lt/hQMRi0h1fkZ5Fq75haVZKYgj5xIkDE1pVXL3YG6c="}},"jhOVY58kLRha3z3rZ0AGwE03SmdAQgbde/fpFNJtfXc=":{"valueMac":{"type":"Buffer","data":"xfE5+mP65zSh+CigB3HrLMw+RdYqI7cvyTRtsiNgP44="}},"jlRp40YJrwhEkVrmbOO8T7MHyicQVf/Dsw5FxC1tuuI=":{"valueMac":{"type":"Buffer","data":"d+WZyeEnJ99KOzJ+n5f3pSQudFUayR725+9Qqg3FSLU="}},"j1gFlf9G0jvAuEUnUaxbOT2zquw2ky8bqVj3pYNmNpw=":{"valueMac":{"type":"Buffer","data":"Mfll1KiKCGtr/LrCIIcAsujc+5i+Wbt3Lx+PblwqugQ="}},"j6j+3RaubDTuIJrVu9p3Vy4pBvtE9kcnjHDlxfvFc8U=":{"valueMac":{"type":"Buffer","data":"wOGvgr/6BOQFK/nm9g2ANoIZxI3hlzqxkQJV1KkeuXY="}},"kPMSSBtqJAAZ4kaq58uMFKdKjFHb+6bMHepmilLs4Nw=":{"valueMac":{"type":"Buffer","data":"/BH7FvFflF1EAldKzU7T/n2ElzEua3P/YFK9fUn4A6M="}},"kPRC0hgQuRAnHiklkqQg6b+rVMmWGid/YQRikbEyiI4=":{"valueMac":{"type":"Buffer","data":"nmFAZW3E3jLwiCiwBv3XrXgpHp41tlQwqghxdi16k+s="}},"kdAWjXrfiUtKzYbzMrK8gd7S6FM8HCudaGg0PLttffs=":{"valueMac":{"type":"Buffer","data":"CqZniu0IQjHMly9EGIEOKhwbXrI0fUPR42UsQxeRzjg="}},"kiPPvZI8CdGk5L4cZFjJLbVMP1PKo7Gs0Rvqdw/X6gg=":{"valueMac":{"type":"Buffer","data":"FskERO0zAPcp342P79xDdDrgxK/B4Y79U+E073213zQ="}},"kj6F53keDb2/HvEdneQBQN5Oo9xt/SLoZtbKEb8Hq5s=":{"valueMac":{"type":"Buffer","data":"3KG9zxAekFAZFIZMP7aSFomKJD7U9fgi1JRXb3kNpKM="}},"kkYiEWDXfQ/N7EMPTH9nSDu8v8EDX1Fg1En6tk4Amvs=":{"valueMac":{"type":"Buffer","data":"ux2nWkXnzCSZ1XGF0jzb3Gy1TRQcNERjGY+JugTmu14="}},"ks1y2GCKcl4D5al6J15QCPCZXocZrLGhEGkNaBJzK7I=":{"valueMac":{"type":"Buffer","data":"UoWvxDI9Wb1aqaHlWel6aYBd4L8hEPc0b7/B6ru/atQ="}},"k18mhBc0PjOdQy6nX9jDosWFqTSlnWCUMRFq+V/Ew+U=":{"valueMac":{"type":"Buffer","data":"E/L+NTslYVaTE4Rp5R/tasvOqGO+VjUaa7oaD+e7PKM="}},"k5tESArTrebf1re/p2T531Kj3dcwX1FxsF3Ry62SVho=":{"valueMac":{"type":"Buffer","data":"1C+dmNEMQgbdpXwDvcvcYKIMByTWBzmqBCkn23eDPfc="}},"k6QLV1IdUkQUtmm7OFtqrA5QRJk4lws8PIQWrQmmZBc=":{"valueMac":{"type":"Buffer","data":"05LumsAm3AaiM369ZaL2TCsN8EmDz1uzeetFbVkP570="}},"lFXILZ4lsqYVBBYBgu1v9t2LrKIiu0dHKlk7l9tYxEo=":{"valueMac":{"type":"Buffer","data":"tHgmypjghJD3pcMx13nL4M1REJC4EcEug3NS4AImydU="}},"lInW6w6y5h/9T0s/2eG1zuFyjNpgAhN1hwaDEcvySZ4=":{"valueMac":{"type":"Buffer","data":"H1NoU1zLicQrW4GZYnqMWk5fFsV8TaV4xp1m/7j18vk="}},"lMPAzJ8QjwgxLQve0wTmTJoDuor55Ejx3jwgKZT1OzY=":{"valueMac":{"type":"Buffer","data":"N18Ukk2VNBTY1UDjIOrvkxN1Sv4tbgtuEvEv5o52Y+s="}},"lTzQ4HwPMThjUD8ZThe1HrT0iucaiG5CwTXBbkAFz20=":{"valueMac":{"type":"Buffer","data":"BQfcrQEafzoZsw3/9+Kk7+JgDu/nlZyKC7s7a9F1GNI="}},"lbvNDwr1r/CpzJgkngl1ESdX/mIQ/wqDtJ2eqwcfxME=":{"valueMac":{"type":"Buffer","data":"dPpnDnmQIYvKMBVYLlXfZru+2y4RnXUTFCpS5Efbu0I="}},"lb6wzTKmO4Hr7oyIrG/hNN0nXl1dzRDhz45pZamc7TE=":{"valueMac":{"type":"Buffer","data":"Sh4zrwG4qDKE6SD5Bht0qG89+1vyWpilL0CIRBWg2W4="}},"lcTZuGtrMdwOM9l1lT6wBzBgK04A1cmjQfx4uVPXiQo=":{"valueMac":{"type":"Buffer","data":"jE33b5jIOG+BhyViX86D/tDc2OXXSrsnM8O09cZGyHA="}},"ldoL8sbxChkKqMGiiX3UDvBGAMJqk25QQDeV+ZLwE3Q=":{"valueMac":{"type":"Buffer","data":"eSSlI1OC9OQl7tTekeOj0qSEQZnGiIVaLIUowfJFO84="}},"lmjWhqmpFLB03Lfdpv29bt1oyfjyXhSTB9kbuHKde10=":{"valueMac":{"type":"Buffer","data":"WlOCeAlyDL5HH5cddvmHPM4JhX2APa8Xn6b4hgtPp8s="}},"lxR8rj3NFx88B7ZQwECpA/c3/mnP9VZ7nnlxDefl/aI=":{"valueMac":{"type":"Buffer","data":"mVa8CJMW1IvUOvAX5q85TOhN967iw0YJc/Kt9akEZhU="}},"mLWp3rhKWwT6j2mXRHtHRyNoxDSpMqJVMFUgUVg/ioc=":{"valueMac":{"type":"Buffer","data":"CReDziPV67icVRYh+c7gD+t2gNBJEv6FbiZ36emBcR0="}},"mcsHdpKjYrMqnDocaYQmrIzduEJx6hlMaTpv9KcYEw0=":{"valueMac":{"type":"Buffer","data":"xuBkR/5C2znCoYmomGEKd/P9aXVnlzcfkQIO9cKeWYQ="}},"mdf6qMUKwf1zNV4ILu/4/sljf9aId9Xbd2kWsmd8G7s=":{"valueMac":{"type":"Buffer","data":"ULpX60tT9ghELOI2sHF3AHbp452PGni+Lg/DrnPTIzo="}},"migKc+J4BksVvrrl3mhnCnsqn0DJdvPXUmp3kstBVdM=":{"valueMac":{"type":"Buffer","data":"ILJfwFsIsw6ThTgTyGgB87pjRlNKjrb/m8payIFjN8I="}},"mjwIofT41a09znXKcEOeVb4xlJoSUCfSOGWOrp1NjbU=":{"valueMac":{"type":"Buffer","data":"OrrXtxTPgtywdRqTHPax9MXXpguU/UXLNmrPJ+feahU="}},"mklCM3U91y4Cl/TUuoy2+hbu4vEVPtDCaVsv9xgNgZ8=":{"valueMac":{"type":"Buffer","data":"vHvyXRdJcdBVlqjssq8GXSwGFTmY/l21d451Y51tLz8="}},"mllW+fu+bpfoPWdpwj2yoOJyUc7FaA7DcBKxEBegFwA=":{"valueMac":{"type":"Buffer","data":"+j1awbRGMnk4/tj+GUXbpWAf9w5Ry1bozmhwAKCQSzg="}},"m3GjNSeFIIOkJMuF0WVj5DmE7umFx/++RSsNPiHJYCk=":{"valueMac":{"type":"Buffer","data":"ub6fRRr1FVtXCdb+gPgVNh8ZKNCuOS5ou+AJ5nMJlm4="}},"m4NH9XSs22GgAEaHrBOcZNSRTQfY6jfafvviBLu03qA=":{"valueMac":{"type":"Buffer","data":"8SEvqqVciV2lD54qXx/c0Q41vhmJb0D3dUEayhq578U="}},"m53CDYJtti/hA3sN4NK73saHVZxw64yByXPs5aEOriw=":{"valueMac":{"type":"Buffer","data":"WcrvkHM9e9/j8mN/6cKoKrRGPIVL+hhsyXGBuBoeLNs="}},"m6pMIXSVe8ktC1gKWgV/ARFKKlAfD2vKnhcHb+4snEg=":{"valueMac":{"type":"Buffer","data":"ZlE5kZvltZs1vkjUh1phStc/zyyQF5LGvjNvXwjdz4M="}},"nAWCJRBCEnBWUMqD2lb4XbUKddsHxuM1s0Yb2D96Dqk=":{"valueMac":{"type":"Buffer","data":"y0DTVnxQPbc6QR3eiO9aEG+TwUg/3YubNQhyYRlVams="}},"nBZxhPKJaFK6vDJZh9e4O6XXqI/2Qec1Btt0brtfvUE=":{"valueMac":{"type":"Buffer","data":"TEQg4+NvSkYfOjxU7KoIlKCxO11zWa2znUY6WzmVTTE="}},"nFNsgBuAEzwY2SjPuV81aRzp55Ls/zMQXbeiX5D0O4w=":{"valueMac":{"type":"Buffer","data":"mwT86ivIkpLqprbgyj2WTAYqiAejE2zbJsc51clEA8Y="}},"nKcmRvENzhn5iKNLz9RzdytZXIZhEFCVZ7t6zn3ZqWg=":{"valueMac":{"type":"Buffer","data":"BPCNzjQ5328StMkLeGiASOiu6MSfm8OibrSZ8cXc8KQ="}},"na27+S/pygaXC9IjAHhjbTLw6t1S41Xx9uX3yhSWs1M=":{"valueMac":{"type":"Buffer","data":"lpP1ObvB0FjophL6Y5IeZveiWJwC7zeNGqSb6Nkppi4="}},"nduCWMNdAsQQwYM3raBE+IiMGEOTlGpocnaGCV7ofrU=":{"valueMac":{"type":"Buffer","data":"rHO51JGCJk39DFWuRB4RK5rnwYSbrNY+9c+BiqSSDx4="}},"ngpuKTzv9fcTE+84SuLl8/e6i4sqHjD2qdE4a99xY9c=":{"valueMac":{"type":"Buffer","data":"EH7y1JoZp9Qy6QcHRl+EKVRoYeixuGJWQFmNjt+Fjm4="}},"nkHzxNJpaF1iL+51nguLowraJtUw7zgrHtlBWnogwJA=":{"valueMac":{"type":"Buffer","data":"3OnqmoiMV6FfVfk++JynzfqfMdt9fKrNcp+zUEW66PU="}},"nvSODhRTmrT1R/pLE4IxZJPGOvh0ipTuBUTVbhyME04=":{"valueMac":{"type":"Buffer","data":"vJdBSxMSmvwNGeBjc/kgtIZc+TtMRZUQw2pLdVZscIw="}},"n1zu3Talhrh5wADvRtrTjZVWLm+iVU2kdFxFd5MBo/Y=":{"valueMac":{"type":"Buffer","data":"52BynfZ+GknX2F9SzHNi8Uc5VXPwiNjrm8jMnPHZBVs="}},"oB92QSnJza0VHHYW9W89Pn2hXqyZi7Vjy7IR+dNPczM=":{"valueMac":{"type":"Buffer","data":"tyFxWMSaiaKBGAg7BHEGSCqG64d/H3eAkMiOk5YkKuE="}},"oFY8GRBLmqR0r8elFqUrWJKCYQdomcLTQykXtBWIBgc=":{"valueMac":{"type":"Buffer","data":"iCWfFGze8ISePT+Xe412XcvUag5oW1oj8ESMI5Ogqcw="}},"oGWeAnEWEiaMcAbp/1tllcpeKHoZYXPirK/mlojJuqs=":{"valueMac":{"type":"Buffer","data":"AYngLNweRLBGy1+SPI3PNl79i9qt58nAWMs+U/1VDe8="}},"oVeREWtwNX7oJxK4KCdnaCDkBpD9Vt1CErKr/xAa6+Y=":{"valueMac":{"type":"Buffer","data":"vMy26xwHUlkKPnr/lx8eCSGf83Q5w+Lz564SkHJY4wA="}},"oZFY7mlYyFjaeXtzztiCfrx2zGDrvQcwdPdsvohpp+Y=":{"valueMac":{"type":"Buffer","data":"cZv44D3cVji0lUyYB6wEvc6K8fH093w7d0gbfSWTAV0="}},"okOWBbs1cZHksMilWqzJ7YOWtJDnKVaCLCKblCW9tnQ=":{"valueMac":{"type":"Buffer","data":"rmXmugFrh624DiOiMZlwmI++/Ovtl/CClHWvf61t0nM="}},"oxrHoOQWoCeCrAjl322PPAmBvzC6OHs9bWbI1Q86ZfU=":{"valueMac":{"type":"Buffer","data":"hqbBvaLCqpif0p7Hj/V6pEqlUBYcK30B/X5WjeLMDgU="}},"o9YDjkzFvgBr5ip9APno3YK0qpzwnJOKesruC8p58PQ=":{"valueMac":{"type":"Buffer","data":"kOLNX+9ZzHXzG7kmbRrlUbkiyDohmLkw+G89Nje4RH4="}},"o9bE1KEvqr9XWNLeOAYIidHeliDJl14Xlq9vym4i+1E=":{"valueMac":{"type":"Buffer","data":"780gp+eXVmMYH/zO1xb4UHMRcx38OH++jsxxObLutD8="}},"o/bl+nyHKJm9caM9nsPvrRkIbfKZK92Q/hRQKAoGmPE=":{"valueMac":{"type":"Buffer","data":"aCu9a8NPXNt6g6tIM3m2vCMW5bx6YDSNPboRafgrIFE="}},"pAn7tT1kMlh3WTL9ofnH1E7XybFweao0nA7WgKdoDGY=":{"valueMac":{"type":"Buffer","data":"zC2X4kx14qGbBc0cOW82qCAm7uoRzVJ8jf4dhMZQo6I="}},"pGKd8RQsFQGjfUs4o8ttC/CpXoqDG6evKEX/rsWjwEE=":{"valueMac":{"type":"Buffer","data":"OHTqKbcx+jdFFs1qmO3ALfofY+FKtckXWSaoKrAxzKA="}},"pP7UFIBZ5ciqc4WFd4eulg8oH5xo/Pl+A1y3iXcOWv8=":{"valueMac":{"type":"Buffer","data":"TDuydyAjtor0UMrIbhCK6aIVzX6jp+qhQCYuYpxjUUg="}},"pSHROwdPDvTZFz55xe16W+7zotmB/At59pxP2NDFysU=":{"valueMac":{"type":"Buffer","data":"drpBGT3AUDEySV/yQeo3XZo7Np939PdZhFOlXhPv7zA="}},"pjD++uQUF2ZVSizknWylgOcM5L5WWGADzXP99T5wcVI=":{"valueMac":{"type":"Buffer","data":"+u/wsi2nH9KBc0seNYANV4du5EJVizq2/p+eIDFcQ4k="}},"ppRbSRh3YJlsKZzFKAWWTFZ/NPWkgiNPsNFraCTl8+w=":{"valueMac":{"type":"Buffer","data":"NPosuiPmp4iKsPY3LsVbP4mBAAxtT5EeVUzL8eIee/k="}},"psd4xhSoFiGLpTgCo7zhWyGGd5adxf8zFvSQPypH990=":{"valueMac":{"type":"Buffer","data":"eV+WoOtucIKNbJEZIYexlvFj4I2rKc8vmRWHqEvSZns="}},"ps0kz9kxRleGi13ZZB2YpiAonN9GICrwNk6H90uen60=":{"valueMac":{"type":"Buffer","data":"aJy2J3K2eGj9tMQkKjZ0OiRYeacndNYsKtUgFU5BTVY="}},"p32qkytsPxl+MIPZhB2Eu3lO0/q4E/ZgJxLTscCtg2E=":{"valueMac":{"type":"Buffer","data":"PvYYf76DlcbLIHv2ZN4Sbt+O4ETn+4/5/vI3CLLvu40="}},"p8vyObvDWsfcnEry1cbvcin9FWO902vEJbcOmFlKoNs=":{"valueMac":{"type":"Buffer","data":"Ee5rTTAl7rL7GJF7s9AJw7J+ImS+6mNgBH7hb5n6jZM="}},"qE6xQIBhiZ+wVdFAiXHEpHEw+CCn7uOvi3EiCoJW0Bk=":{"valueMac":{"type":"Buffer","data":"8NyfSniRTlHrOtEjcPhWO/TwLDT0zRip/CS2Dxg0s6k="}},"qNIl6UJVnZowCTrH1NQ080BSZeGB4cP0z3GskgOoW/E=":{"valueMac":{"type":"Buffer","data":"BTKLHDRyrcfu+bO9hQdJkwYJZ6j08D1E6vaPbddZZKY="}},"qOfkSlUCh38wdViKzU/NQt+HDxWJrWcbZFbUBNtTkO8=":{"valueMac":{"type":"Buffer","data":"mp1STCUVYySi4mkEwOJktGGxJ1v2jHreEE8LbdCuQwU="}},"qUzMtm2xU8fF9RZcJnM3RrAVlxWafMOQVThU53th6tQ=":{"valueMac":{"type":"Buffer","data":"87WdEqu17oIy/tT25tOZ+OTyZFwmJoOacz/l6PEgMKk="}},"qYtAOP4Lyly3TVmleZaxQZs8yB3JmaxaJlqkQR3DsYU=":{"valueMac":{"type":"Buffer","data":"aN6R92okttW+3AKExTTg6Vx/MXDY7v8gKshZIEfkMqc="}},"qcxvAuXzpOIVqlQ45mrdNqWGcU6nhCs6fge33bwMlNA=":{"valueMac":{"type":"Buffer","data":"Uh/YcaE5N9pAce4zqQ/ZVfqKniMtYGxwdKwkA9uvATc="}},"qrB6ksRAuEh6skuEFpW6k1ZK5Vwc0rxp01htsmkkS78=":{"valueMac":{"type":"Buffer","data":"p00H06d2hXOYVlVk8CC9QQXmtgt1rRzYVpigqLPcKwQ="}},"qva4vxQ4dH3PDk5nPM7N/OouYeZFw2dXDiujjqlmZrA=":{"valueMac":{"type":"Buffer","data":"GbppCBgzle/xh1oa8txJNzW+wztq6qfz2A/yCNbMmD8="}},"qwq4QcNkVeDXnVJl2GVrvyADG4qmIT8PYhh+dxGjJR8=":{"valueMac":{"type":"Buffer","data":"LweGm8Xd/XTEFhqoA83adwTuP75WC7GX4xclcuhDm/o="}},"q2DWTemVK7F7EFMlcHqO6q1vf5syhNk03EKzhMVyK4k=":{"valueMac":{"type":"Buffer","data":"rAQtNlHxwT4jmkjwIeTtMwrRn82aGA3t9AyEDffj5ys="}},"q5zRL4XGlVaFe1MZLnEyciAJ1WghvbjGZ+nVS6VieKU=":{"valueMac":{"type":"Buffer","data":"j6Wt2TTwQsZn+zzMCMK+6+Vld26yIUpmf0Wm5emf0ko="}},"q7PKLDPPdEtakUjiFguR0YYElkEcrS4VCCb9ZHJ5KaQ=":{"valueMac":{"type":"Buffer","data":"hdgjF3V+DKkEuA9q182y+W7QmSfWKlAWoGS05P3XdNY="}},"q7eM5nVKW2xyl+R0w7Q8NCXHqE1pO7BO5rm/NmF3MKI=":{"valueMac":{"type":"Buffer","data":"vi1NXEf2Fal0JAvRuWqrj0I4rFaAaDYFPXGd2Mle5eQ="}},"rHzpyx33SBQqIavN3QwaBXS4g6JQX2yVjMwzVhOT7a4=":{"valueMac":{"type":"Buffer","data":"enAO0WiQ1YVZY7bsN4VAQSHL41PYJCSmKmRncGeLurw="}},"rPpF0lAEhDRNXoA6zjmgc9EhWheOzT1nIifXTGS+HBk=":{"valueMac":{"type":"Buffer","data":"x4kSNxQwffEskxCO/ZBnhS0Ac0qYq9wba92omvb90ok="}},"rceZdvyiONfeNGtwxI52BqAm+Gc0uJvmxr996nbfhhU=":{"valueMac":{"type":"Buffer","data":"Wuq9N9oG2lSLTGUgKqrEiJhduA0TpHK6sfTb8rOiFS8="}},"ri/jiuc+EEWDgg/ugx6d4qdVITQbBkogo3MM23q9P9o=":{"valueMac":{"type":"Buffer","data":"xUG3VbqyJZln5ya3wwzarHtL7QLCJKvrkVP8dTvNvNc="}},"ruX1Iwlz96K88gohs+RfNJnwlQzuNF/VoHUG5WR9KMY=":{"valueMac":{"type":"Buffer","data":"xLH17aH7tsW31nKbNcYG4YAh2tcoOu2AKTMexipdVYs="}},"rwLqi/IrhrKMJjt6DI0wZ6qqLRcjW9MTRXx06/r4k9M=":{"valueMac":{"type":"Buffer","data":"UbuZzvJDnLh170WVUWGgXrrLxw5r4Aj23azGq7vwWac="}},"r0sAYPvJ9D8JgDU5hSHTbxdTklicxHdlbPD17ikOBVY=":{"valueMac":{"type":"Buffer","data":"3KysHdDQiY/ymbsB9ZecyFGlD9kRPs67BC9+CuMGRI4="}},"sL5e9x3QjU/zN2zrZsSxh3mTdm2hv7MO4ZKnh8ArH+g=":{"valueMac":{"type":"Buffer","data":"2lUitYjWm8JtGFAMtRuUHur+4Bc6Y3S2c9i1pCOCmHM="}},"sNpymaeIlkKE+Y0UQfhtB4AkQYO009bFc/kuqtPHlrc=":{"valueMac":{"type":"Buffer","data":"/RTAqqsckA1Ts8LmzKlYq7bVs/fGcCa8phRnBv0jb3A="}},"sPbKVuqC73mqJXWBZ12cCaQiPCKcyHIZfSaWagFXVC8=":{"valueMac":{"type":"Buffer","data":"f1kvPQ5NdYQS1tmjIAK2LKBrfHq1AQbrCthaEy19VEI="}},"sQLhUE+QbuUJkdW/k01zrY5MKRYwGwUD3cHSqf+ZjEg=":{"valueMac":{"type":"Buffer","data":"P9cT0SQ3njflYh8eZuvAlU7VJOljQl4ydLYAiZaiTJs="}},"sV4dI8hN4s2umRyZFn09380fwsCf47H//toRpR5T34k=":{"valueMac":{"type":"Buffer","data":"zwkbUd9ypTz3uDsriUYOmgDdfxmRQy7H3xyLd+BcnuI="}},"sWrlnfImluAW6+xHKtKY5fsAHAeth4vezIhTkmwMLrA=":{"valueMac":{"type":"Buffer","data":"jRiIMt/C3aw+gcDU8aNSyjnIsh3IUkJh3Bn1T+ksXPo="}},"scYe9fB2DXFkkeJgiqE5WuIqXVaOKHMENzuogNQabcE=":{"valueMac":{"type":"Buffer","data":"zEC0yg9PH9EuuaevVpKlWpxicen0imujzJfM8PJp7Vw="}},"srhmnePUl8KhqcqbNNjZNtgQVEPjfMQyz+BLGiV5EJY=":{"valueMac":{"type":"Buffer","data":"83z+muX7q+6onbjsEDdWIfupYnszIlqxDE9UyGYt7lU="}},"svHJwuAJdCefTuGDfQet3a9SZwCW40OzOiwQp3rA7M0=":{"valueMac":{"type":"Buffer","data":"z637hweZjZ6NbxH8pcfrvK60vLgWNpqLIeQbqE3IW1o="}},"svYSeL6oX1FX5I7HwtYuR+vOdJIO+6O+MuniKxMy90k=":{"valueMac":{"type":"Buffer","data":"xDa27uycJhM3w+T1iea/y2fpPV9E0NMyhjw2pzLhEo0="}},"swbl//faqkoSeu2rVsbbWE8HrnyUwfl+ah62WjKEFJk=":{"valueMac":{"type":"Buffer","data":"Ucw6s163ylC1/WUWQwrxHlTkaamAjUoNts6j2AFwW/M="}},"swf18ICPOjpLwuhwDMDYL3PfpApvH74OYfoTJ11Va4Y=":{"valueMac":{"type":"Buffer","data":"AApwLZJDWauu30SxhfkY+m8ZfVfSOVjLhFRmRx74d6I="}},"syiwEZhUrOoOE42T7G+IdiYL23/aBw++wkB6LWFRorQ=":{"valueMac":{"type":"Buffer","data":"vys3OfbgO0B5RAyZTnqbTkPSB46QDLeU76iZ0cBXXhc="}},"s2clYJpY0xUdUnIW8zX738dTb7JHNpfvja49b8TmijI=":{"valueMac":{"type":"Buffer","data":"dZcHnbRUw2d5bbJTOIYwxeJJMTllIJYifAqllaA6U1Y="}},"s7ILjm2hBs94TWAeG4IblnyCwjDPQkeE7Oog76Oto1w=":{"valueMac":{"type":"Buffer","data":"6bzz2z5aScWlU6gCREZdO+4+X5gUyJpTTEqgWwyVz/E="}},"tcRGCi9jgtunW+PmLKBbKQDf6jSGdELTWFiaZ+tJWus=":{"valueMac":{"type":"Buffer","data":"+OSMJpiVSkvc+6EmS+m1HIiGd7rhR63/J+7Ffm8gYJw="}},"tlS904i/1N7ABR89P/cnXepkH1rMdSk4Zq07tLroj+c=":{"valueMac":{"type":"Buffer","data":"eC0XvV+UzkLX+jCUFryH0yYYxxoeUGP5lkLeh9q5h+A="}},"tlU9fH9aYSxIR1f1+JZfq2F8nIZWjhP2ZsDDUNE97n0=":{"valueMac":{"type":"Buffer","data":"NSqhqaUHnzTmm8pV6vXngmeZanVxgjoQ7he0RzfYSiY="}},"tmz7T13uc1k4MxhEHfpB0vGb+EN4wRAv27sBSre0U+Q=":{"valueMac":{"type":"Buffer","data":"KM9Pf/boBynHPA5dbfRD71nML20xtF75wMmOPWmDFy4="}},"trKbblBqJzppfQ6Lf9jJ0IdAiOQjux2aqgPgZC/Cd8A=":{"valueMac":{"type":"Buffer","data":"Q07J44u1fDAiNSwIPqaCy9bSTZmVW1G360TLHfBuTQE="}},"tr7kdnhCWfWvfxSghfe+qMDDGpLzFSSAJcqfKb2Zbzs=":{"valueMac":{"type":"Buffer","data":"W05g/U5/8nz7FM5b+J+243rlZKRDbwFdtiPFhv14YoQ="}},"tzydvexAdQS4wR7lIidk6Dbb5U5XKzVPJ6irSbqJaYo=":{"valueMac":{"type":"Buffer","data":"V/lyBdO3CecfzAnKqSUZSVEF06ooXmbeHqerlmdXoKM="}},"t3Jo0l6JYMeBKYVtML84WdkAR0DgUc+jwut5n1Y1Nnc=":{"valueMac":{"type":"Buffer","data":"Vb/V3OYTxLMFWN3p441t+/Te6Iu1SaZULPcnwjXuqx0="}},"uB/TLO8BkLEeCocd3fpsWuJ8bLXNs5O8VlXgWiArAUw=":{"valueMac":{"type":"Buffer","data":"V3pnh8VA5QD65rocpPnUkizMJzcJdK00TSi/RdNSxqM="}},"uE9jR9aqWpdg85Zd3gz+aeTwiyOT6v/sxOEl+MLdiOA=":{"valueMac":{"type":"Buffer","data":"feWhvZnEJxlTkM67vzIu0sVNKKSrs32V8l5cPIaloio="}},"uFy3/+txPFCDA7OWSrxuMoaClSyBeWORfW1GlYEvW2k=":{"valueMac":{"type":"Buffer","data":"TNAV1jCu3AysrdFlmmuR2QmLYU2b3FAeEiJTsZIMQc8="}},"uKS22AwdhdUXFM+ux2pCd2n7M+WRBhj2wT08qVarHgM=":{"valueMac":{"type":"Buffer","data":"8fPngkKDs3dncYwi6PTmXY6dfgkzp44KKvvO0pgsr84="}},"uPHnBDY3XFX6+JxKZLR/lX2Dn0cZxJLd6CqP5/d7alg=":{"valueMac":{"type":"Buffer","data":"2tKeDQWBJDPr2YPGqMCmQREnvvdEkppmzl1w5Bmgu/A="}},"ucDMjnreSmNXoRyRVuViW8DrUuldPBesWqZM7L9VAQI=":{"valueMac":{"type":"Buffer","data":"2etQBzHmbYXB9GH7DjSEqi+Licl9p+Tld+cjjHcZTmE="}},"ud3UkMxWExJ5gtvFRNTvKhWkKzlsHpZidDV3ibqhDtU=":{"valueMac":{"type":"Buffer","data":"p1aN6o10cYza/hqIxsyrQJ5o4UfCWqNaWGZqnFMzN5s="}},"ujCAQ1/sy/+1M5t2A4/nw6TdcuTbX19d5v1Za/udOhY=":{"valueMac":{"type":"Buffer","data":"uoPuMRshczApkBTRPLjKKnxyxLtnIhy1Z8lCFj7AI/o="}},"up5f7cEWfcwtv4+qh+/pn4XJKBwOgDxpNPF8yEWDAVk=":{"valueMac":{"type":"Buffer","data":"dBiWZTTPw1I2OvcgRUkB3Frt3Dq6wxwEOSk/32BZkKs="}},"u6P/Rv7TA4ByE1hWCamWBePv0cApzsfcS5mSSj3f0/w=":{"valueMac":{"type":"Buffer","data":"JaN2jT9HkDwIswSJNkJZA83MUDM4vf+eKBSvECAQcpE="}},"u7ORz3P6fuf4JkXT4le1Gj5JymTlZPtIFCo6mExBW78=":{"valueMac":{"type":"Buffer","data":"+20nwEN1AaS0HBbuDLKqbYLMzat5cdipCT9+C30LxLA="}},"u+shCof9juTwkZdNkmF/UNWWsNpjZ+mIgySAT9FpFgQ=":{"valueMac":{"type":"Buffer","data":"GQIK6Btx3bFH6lLhpTVNX8odFAbuf1qjuCy0n98y10c="}},"vH0MSv92X5opLfmCyyg86amNHaeOF+HaxwbddZuM6Qk=":{"valueMac":{"type":"Buffer","data":"UAYuwK7QlkuTMwReUP7VtGaCLpFJnQusU0KSzSpwC+s="}},"vRI5Dlvi1acuyYgGsvONysbJqeuzq7SQ+xZrS0c8sbg=":{"valueMac":{"type":"Buffer","data":"dGetGKhH5HdNeEUyf0s4tPnqWJkOsFu4G3sSuEi/Mok="}},"vSXi4Pc2dseLFkjDJvcddgLILWA5uXTpvEyK20k780k=":{"valueMac":{"type":"Buffer","data":"2GsmxKYJ1LgPeXwWikC0BHmkUP9CXh+/22p7AZEH1fA="}},"vXXHcXGzbemVpIGxLN23kRtsXtbEUslw1K0aLW920Po=":{"valueMac":{"type":"Buffer","data":"fdLxm2S8Q1T9M04QA5gZ2ecKKvGylqXA5zG11WZMVr8="}},"vX1wKpCficBowIO+LDx2QZLwOxc95kxOF+T0Oee7WKg=":{"valueMac":{"type":"Buffer","data":"vIhdWTNuw7QP3GpvT/4xNUWD3YvazMhLrdNWwaz2KgI="}},"vZurf9RJI71oqleR/MX1pYJXY5gxmrQO36fcllFqN6Q=":{"valueMac":{"type":"Buffer","data":"ZRmRTyMi0MbVrNrQ6q4YwC366jvXBJwB23F1D/yuLWs="}},"vZ+9j/Z6lBUePL3T/rIN/vuKje7WRe00Rqsf0+HoUFA=":{"valueMac":{"type":"Buffer","data":"feCY/t/GH87P6JHlh5Nx6LSb3IC3+CzfXnHVYDF1hSE="}},"vbgwiNYZ+KnVdVaD8mGy/nW1o1mbk0rJCyCdfRrQXXc=":{"valueMac":{"type":"Buffer","data":"TMBqjU18k+DmhFJN9d3ht6JKUxdd5rSG2B51oExLYlM="}},"vdTVXZW3aD1xpBvbteb0AE7pG4Sort8KtclDYMztQKw=":{"valueMac":{"type":"Buffer","data":"7jzttbUZGIIZRk34jLPbF4wcT+P27I3NhQfg/V4yTok="}},"vdw7P/MzpPXhwUu4imYzx31hi4vrj1FQZjvrSLXHduo=":{"valueMac":{"type":"Buffer","data":"G5DfNHVwCeKw0DczU8zUkGpE8+Opic0BAe8U+2ztv7Q="}},"vhKH30dk+TueSIrNQc9o111f4KiyUduPLfFA+flB+es=":{"valueMac":{"type":"Buffer","data":"I2nKcS5cc4Pl+6jU8hvFjE8l/8WWSm13Mk4YydlGRTM="}},"viYYRwr/b6qglaEOrsdOme9GVlk1rPKknhzZdfvLEJU=":{"valueMac":{"type":"Buffer","data":"haqhSwUh9icV4/skEiwGftgC5cZQo8UxJZ/jiaFKI6I="}},"vlOBmU0GBRLxFD0hLZBEIXtK5aX8oD33MADNtAanBqQ=":{"valueMac":{"type":"Buffer","data":"jeH2LfpLg56vvh2xDbjRRmOr2t1H41hpoWjmQ5jRTrc="}},"vlntDuZuoEGZXFyup03YYl3h7f8gEUGAdEXZd1qfzQQ=":{"valueMac":{"type":"Buffer","data":"Os9cuIZybypnUIHBD1alGtWWBbrn9Yqp4LHcuym7UDg="}},"vwaC5E0nl0cK8VQx4k0SSs+l3vNNdDPiTNa3wuExEQA=":{"valueMac":{"type":"Buffer","data":"F1wH3FzfXKW3MOj/MbwiTlxsp71j5+vLcMbsWHhQptY="}},"v3Bm6n1+AUcToEZqfq5tnvLYC8fqP593/wF1f3GeMAw=":{"valueMac":{"type":"Buffer","data":"TkoctJlj/1hxsysGavkc7fTAH/5TEvYtOMzxLgo6Tfo="}},"v+STktCE3V5mDqvLyMZJbSxQ0ALJRToUEUTuqdBOsjg=":{"valueMac":{"type":"Buffer","data":"PXdCdhZ7lEMcFBIowV/3/8aHKe4DuGdOfBpWFe5vzOI="}},"wFm5EX8OlgJ0DSnhUyjgnYaLVI0PTQRCsAGSdVFb/Is=":{"valueMac":{"type":"Buffer","data":"URjwLM/pFg/Dub9og5ndcr3uH9sXUv6a0kEBsNfAOh4="}},"wKcerVzuj989m/N5mXH0lZq8Z7dHs7gGihh4Y/U33/A=":{"valueMac":{"type":"Buffer","data":"rjsiGxqUfM7KcDwR32pAPDjF4E1So3e7Tdu5TLmZNqg="}},"wThimweivwoY1YGC8BoIOGQPysIh/B8nZQeivWSiOdw=":{"valueMac":{"type":"Buffer","data":"9juk821aOqTFLQXPsOGxQe0RR6gRcfDgjtcObk7fhf0="}},"wV0cfm2PC0rXZ2LRqmvL3GH5g6v3uvW+scEuz7KY3Zo=":{"valueMac":{"type":"Buffer","data":"RzsALHPTbLPPMG6Z3TZP1vs595d6d6Gb5kxaKRIh3Hs="}},"wXe6qyoHuvY8oPONHTQnJ3mKR8nMQNZQ8UvKx5+GmP0=":{"valueMac":{"type":"Buffer","data":"pqS+16rVQSLq+G+gp2lWdSNHEieYjpdBYcvdw9FFeKs="}},"wXrAUeSHF3qXO1kqxA4D3OzrligE5aCci3YfJKIlKQY=":{"valueMac":{"type":"Buffer","data":"7ZEEwGHeaLk0u5cvA/8SWZZzWO404FcWMxSjKjgcZ8w="}},"wc0tUt28HSmU6JRa+Z1CjtzJWjj9lA8Fb5hNs5mnMx8=":{"valueMac":{"type":"Buffer","data":"opQYUlKULZw3ZO9PCSVmKfrenaqexh73BCiljSc1OF4="}},"wfxGRsWl4hIW9CG8X0m9vfi6wXUfbLK9NQmbsxCS0bQ=":{"valueMac":{"type":"Buffer","data":"u2a568VutaW1Rt3wzbNwpD0XQc/iDHHFYsWcg3mxZdg="}},"wn7LRx+Emj3JD6donWP3lOjnwRKkDCmRCnWFD4zMAqE=":{"valueMac":{"type":"Buffer","data":"8wrlBkyQs7qP4HojQfivba5RhcIe+OhBfmrwP0qs3uM="}},"wqVRcxAQt3xf+iJlwjWLoYFYbRKRQQQyPv5ct8L1OEk=":{"valueMac":{"type":"Buffer","data":"R7Mycl+LepozQqS59xqKyWOeP5uX1m4rjrO3eblUTO0="}},"wq0iiVURaMNoYRquvft4aa9+W3HzglewTKMO6vkG5nU=":{"valueMac":{"type":"Buffer","data":"Y7nQvZ6OdcCMw50JXcgDeJ7bTumIjbd8yRHojnvD520="}},"w0ePlb22AZ7ew/ixTrZl4cAhugDVzgH1r4TKgsQ2Ac0=":{"valueMac":{"type":"Buffer","data":"KjISslpZ2hy61ntwGX5ducJcvlp1SfyUzu7zQ59U+XU="}},"w5kWsQ5mYBYxwyS13OklwQwSD4shH0rXghIrlVCZgx4=":{"valueMac":{"type":"Buffer","data":"QkUfZbrPnYQGJSd+ozVXk3+5bsMIB67ESeet3l+8rwo="}},"w+VaJGY/zmCtOrhiYkzmS2i35ci0Az6/dE07bsDfesg=":{"valueMac":{"type":"Buffer","data":"nOrRtdXtVnWWxXOnK4PcFwQgu5OAaaThbaefRwqUmuI="}},"xE2rTgpP3A2f/fCJAODmRScPg5hNcPJ8MDN9EMTvyXg=":{"valueMac":{"type":"Buffer","data":"poaZo243f3Zg+ZgoP8O1gDUHVgh8sYlDqNwELKNz3go="}},"xF27bbAu5ecJpjTC7pMqNq5iLdMnSSpd9eTUzcRCgJ8=":{"valueMac":{"type":"Buffer","data":"/68kRxQ7moE7npkKIxEAwNowZ8T8X7Aco5DH5ZP+eIs="}},"xUaCWEA45uMttO71KOygZz4KPr00YnjHuYYMLlhVICM=":{"valueMac":{"type":"Buffer","data":"q7EqXyawG1rOzMpBK2VtCTUBf9yj1SZeFnNj1hyq0WM="}},"xosW6s7J+PkdW899OKg8mAhDLibCOZdM1z2xYrP8oic=":{"valueMac":{"type":"Buffer","data":"hDJyDWM33205tFhh9wWnqciwUZqWCc/Se0dKG2ljeTc="}},"xpEbdE5NCE1JwpL1B9I/Y34AKXagcqOYrdlfbFrZ9z4=":{"valueMac":{"type":"Buffer","data":"ikKQuTWr6zRx9XYPoShXDQEIXYI3PKntkcq03666UHY="}},"xqUDaye1/Vii8eIMVqGC4f8nV6lnvElQbK65Ooz9JFU=":{"valueMac":{"type":"Buffer","data":"l4y4yMryiqhOn4EACNhCryAgckOrCr5kcZfr+TFAtHc="}},"xrSDXf4xfwkjndl3SZwDcMczPcvrWrMVatdzVYUYzXg=":{"valueMac":{"type":"Buffer","data":"EfKiAq2sy/DsLUuzy9LdT8FxxY8mD1C/06TqTVnPTio="}},"xvP86FDSEVHRIdD+T8nDNsBfHz8uHYxzbWbZYUfICr4=":{"valueMac":{"type":"Buffer","data":"JbeW2YjDLHzxN9TGc38L0h7EZ0LhKYOthwDdh1S4vXI="}},"xwxt2sHt8I52HhKGRRL2nOTz2WvYwwSsvBYSEQ1sMpE=":{"valueMac":{"type":"Buffer","data":"3N7wAGdLjcsRKIXkwTiFzXtp8kH8mNHhWF1ySIRLczI="}},"xy7wre7UcWT7fRPnm3oGY6sUaCoNOHdHEO/0zfZY0Cc=":{"valueMac":{"type":"Buffer","data":"ZsJS9eeHi6z/KfuwhJ57wC6WJsCKGy7jfD/iyUKqvtY="}},"x+t861SFORkTxpbuXMBBvzH9wSXQXSRb8of8qz8lIOA=":{"valueMac":{"type":"Buffer","data":"8giMfFm42VQCK+Q8Gp9XjCgwgkoAzkmoYn0v2mDjUos="}},"yDDgEjPzS19EodOVnpLu6uW77qRsRArasLZMJuDCG68=":{"valueMac":{"type":"Buffer","data":"5GOHvqc39tecKSM31J7QLbm3+MLEMVbOXEmIHWcX37U="}},"yGiOMLdg5cAwbpEtJu5Gf/tvn/nnADOhHwTl7MK5L9g=":{"valueMac":{"type":"Buffer","data":"cDjbZOPz8p7pJRw2xkwJ6zrZOhsCjFuBybCu3EWHvHo="}},"yH8fxeO0YykYmX7rcubBAQ4cBF24TafLlRI+tow16Kk=":{"valueMac":{"type":"Buffer","data":"gtMs7QcxUKsz9JI9mQAn7hFpM14ODBGqEjyffW/tIoo="}},"yIarqOfd0L8Wq0bhgbbcu7VVlU0mXTM9OSDSOrxvGfo=":{"valueMac":{"type":"Buffer","data":"XxOgo5fotMgIQHapcmdEh03lXbRTCVFV+FcWk8ja3gs="}},"yKzRHj2mqyeEaKBa69KlZZsOjNIt1HmB0+0QTpiH3FE=":{"valueMac":{"type":"Buffer","data":"8KHvGuXH0KfMWeBH9ryX6t7K0EJ4j7SsQ/byOBRex3A="}},"yPBxDRvb7PKxZ7ohoQ2WaMcl8PyYDUuvhLDri9ZhRmU=":{"valueMac":{"type":"Buffer","data":"sj1RWvh7esEm/yYOFZYKolb/T1TwF9kK5PiBcqAqNE0="}},"yPVeVuXcL5ECYAqr631GjlFYhsCwmSLY/t34a0jzaY8=":{"valueMac":{"type":"Buffer","data":"qSKunIgxls+WPg0wXz2kgd/7XjSn+zC+AXdiJWk7BQY="}},"ySJTmDP3+AuQpnMYynu8prsd5QGUv8MWP/M3CaxrR4c=":{"valueMac":{"type":"Buffer","data":"x3uCZVRVfQd2q74ueGnQW6S5X1yfR3R1yway2uxDaSo="}},"yZPjpQ6lx9AVfz01L/KJ5mtuBLISXdw/znYvVXkwD9s=":{"valueMac":{"type":"Buffer","data":"MuVWhDRg/ypoPNf63+d8ATn3c3UBKmKocQZWbjvzCLE="}},"yZihIGEJn0xaAkoBTQzJOoOkVKyBAsHFmhZ7aNvki7k=":{"valueMac":{"type":"Buffer","data":"bWCcxZs5vH4KLQ9eUvHg/nnO8fVY2lhEwTAJkbc0K9c="}},"yza0X339PzK6CGXhM8qTCZ3j1kH5XdB2b/1xXXIBOug=":{"valueMac":{"type":"Buffer","data":"NjRFGUqzr8EZJwB5ewPfzjKwPjcQ11iSU/G48nmRIjU="}},"y5n/B7Oq4yKTNlpT8Oxnep61NTa0zLtbNEVsvw7v4qQ=":{"valueMac":{"type":"Buffer","data":"18IggxX/QQ4DnD7xRDe58lXkXtVodphARhdSRbLEoQ4="}},"y8PZEKQ/5/t18E/NBRl11FegIBTUmtPA+P5fZdZxbdM=":{"valueMac":{"type":"Buffer","data":"3Q2tRWkiECH41FU74XyU3S95J2fFWwhshoz2jQ67k64="}},"zEsHX+Q5edWtQ6fpwhNLAGpehfyRSWT8K63elrGNG30=":{"valueMac":{"type":"Buffer","data":"OeIzqDKUsoE4ByDwfRqbNMy48bbSWCd9tZLTWhLM7+8="}},"zKQ487l3eN2zGIqIlgXbKl/QF7wIbSSj1PadmwyH07k=":{"valueMac":{"type":"Buffer","data":"nQdr0lQzcHnI4sZEGXoTj/2VF/vugXQ66Rga9q5VCYg="}},"zZqwObhhft/S+wKhP6Xy//e51ybEaNcBk5Tu0+0AMLA=":{"valueMac":{"type":"Buffer","data":"uoPMpRvHkC++kAwyGwbhXU0w9vD6Vq3fs0D7GRJEvv0="}},"zcku7jsq9L/Pood9smOKC0z/DzaZZqnifzpMio7Ggvg=":{"valueMac":{"type":"Buffer","data":"m2+9hlazYAyMHXDuRCGLPeQbucGjm46dXghBrkgw9AM="}},"zfbcniWEym8gf2EhekYypDBFoQeMCTsnsJe9Dbt8Doc=":{"valueMac":{"type":"Buffer","data":"ccDi4rfh0tddeTpsdtecJJ+Vu0taTyZUmlgTyYhnHjI="}},"zmdy5oZPmikiBCVE7d140m+qLry+3Xw0ccEvqgh6gsQ=":{"valueMac":{"type":"Buffer","data":"nF1mXsE2bEoASoSLpNxuadUOp6Ew2aM/MVwHJ5sDsMQ="}},"znEQipkH8O5ipb2RRtYjqfBGfbfLWHlnxHbzIvVDSOU=":{"valueMac":{"type":"Buffer","data":"YhvXnIw8jr4HXh7z7EEqp0E2GWwjkrxMNts1lAbUIfQ="}},"zoh3JashRGsdV3PW1Vs+q9sn+0c8bB0A62mxGT+XMoY=":{"valueMac":{"type":"Buffer","data":"KPD0Fuf8Zke/7Y5m25TejcJVpgpJUm69PyzAiwNKB7Q="}},"zp+k017VoIhXljkrJX7xWcPVySy+CTB4he0/CCV9ecA=":{"valueMac":{"type":"Buffer","data":"o5O1TCUy0daZrT65vIs0gLWlKCY3+ZE7RsCeU7F8S8I="}},"zvN9XNcQfzKsPiEOS84Kh7uF+E3L+QoQDL+PsNOZqdY=":{"valueMac":{"type":"Buffer","data":"uqr7yNwXqstAKP1qxZB3L2yVgN+LpuHkFMD0AY0ajzQ="}},"z25tGbz2uLHDNdrrkjs5TX++qsf+Lj/LkzU44CiAiLo=":{"valueMac":{"type":"Buffer","data":"vY1fc7vTNN3uqUbB0E3Xl1UPVQzl1A7J1Ae8RWIkMqw="}},"z4SWmexFPmRmXBmjkVOnNjW33yEmJ52SEpH4fyzlh2I=":{"valueMac":{"type":"Buffer","data":"q1zQ9wo3y75aGdb4QX2q2A41hO1xxIzvpW5ljusg6EU="}},"z9v9NryT5Li1EHYwybeh98wZAxL8u5SJX8Pbf72xuJs=":{"valueMac":{"type":"Buffer","data":"dL0/58L+I7dPx/mGnYXnAvwoi8Ay2SUhU1qExUx2UM4="}},"0DfP2Nyot3Mqe7FE6kvqRa+oON1V1doUgf93DRD6jZ8=":{"valueMac":{"type":"Buffer","data":"8Bu3AJdHnaXcPRkHMUZjq06cSZyclyI014RM4fUPBXQ="}},"0LfexR9F8o0MPFxXS4P33zep317+ZQ2jarr3Ynwqf00=":{"valueMac":{"type":"Buffer","data":"Y1Yd9oMlE5bogLJUuiHsN3emvTc2MDXITPlgxEeG0A4="}},"0lXcMAMSQSzL53kjLJOTXgv7qYp0iHPRx1FsvSHS6LI=":{"valueMac":{"type":"Buffer","data":"SMGRSMNJHJuiAOEC1TkOz07AVgsjdKpJPlp62q4ZrE8="}},"0mQc8GKzX5GKm/8Ijh4PADC3R9Z8u+LnvYQt1LnG8tM=":{"valueMac":{"type":"Buffer","data":"qnJfUElg4ldkOVM/3HP/NTGVrvYLaouGqFz7IwRgGwQ="}},"0q6AB6RVeAeY/jCO6XCSy0ax1lLBArwMyKVsudFvveU=":{"valueMac":{"type":"Buffer","data":"u9WV0wDJGB1TYw1AUcTx7GhLG/VGBEt7LidyN726y70="}},"0tA5HDNO0fFhw1EyBm+57HtiBMLFvbyj2MCs+V3UVic=":{"valueMac":{"type":"Buffer","data":"ZtKrQKEtWce/wGo2bDkgZTpCCZnxjDMbt6kUewCb9cY="}},"0zXAkluCGXIk/bXHZBDB3haqD3zzOGVM+63xQwjxqnE=":{"valueMac":{"type":"Buffer","data":"0lKmc96TiE2Oib0l8RUhLj0a94n9jmMRKs0ywiInv7w="}},"01Wln756gHGT+kzZQ3x9LKIuj3ekp9CLn1VDXlQPtAE=":{"valueMac":{"type":"Buffer","data":"pClySeMD+se7wpwCWBelkcckFRtkrhwCM00Jk2OJeGU="}},"03g7Lule3OyUKHALmNIlBxxpXiIjpUdwNMT/b/mRDOY=":{"valueMac":{"type":"Buffer","data":"6XxeBAzZk4xXJcasRwpMOGzOnp5YGAhqMFclGcQ8Qlk="}},"06KkTxFPSY3c4+Wxp1sijB9nAQ3BIo+RwipWAbUWkjU=":{"valueMac":{"type":"Buffer","data":"ePeQ3qC7pFrvF/iWtMIHmYCMbd20BbI/6DJHKDxBdxA="}},"1BkjTUBKjtzXjREEnoke1nU7tnRaxKAuY8BN9BpkY6Q=":{"valueMac":{"type":"Buffer","data":"qsbX2cm4V+U5avJLUmD40QNeAqH6aUafY4i2OQudvls="}},"1JYynXyY7tp885LRUTvD1CYk0f4hn6LNpxMJtT44liM=":{"valueMac":{"type":"Buffer","data":"SSWpUCWCTCsMEMTb9lCFce6AWDd5XD0Y+mbEBhL4zXw="}},"1WofoXp4zxca8aDdn0SCKNk1v5sxA/cgwkq9dJiTykw=":{"valueMac":{"type":"Buffer","data":"E6hNvX/JBm+ekSRHvBuvGtNk3+usx/GtgVetGlqsfPE="}},"1fwSoVMFP+mRMde9Y2ptF2pipgBj2w0zg3iUCJG08ZI=":{"valueMac":{"type":"Buffer","data":"SCvdKzLZDBekqhWwEzZn3ovv+oyMI4MubFvKPwe78pg="}},"1hbbenVdyoiHszrLli5LgjKa7i9q1ZUzqTv9bNvGEss=":{"valueMac":{"type":"Buffer","data":"JHOniXEkbwC37O8hP9EhfcW6My/sN1abxsnbAQZGrb4="}},"1kv5KatXxleVORgk0SE3SjoSEbL/gVUyjcmvPMehWTA=":{"valueMac":{"type":"Buffer","data":"1lwFXw8BcISYDzwncTXUtgqbtMGexbGZ9Az9+ncEdQw="}},"1om0Erfqz/r8kf/vRJTAqTtR3gzmJOD0fUSGjyUP04o=":{"valueMac":{"type":"Buffer","data":"EBCpfWdfh2TixDdR+QE+rDepxuISePh8+ngJyiqsrpA="}},"1vUGMLCupXtPHsERRIeNd6xggx4IjswcPuHzvGW2sok=":{"valueMac":{"type":"Buffer","data":"IBlAXYWMhrS28iOLVoTEXapIctvNtBuusLDudl5PA+M="}},"1zY+s469VWREbLhzfMQonswdofazz/wbFb1s3MS+OAs=":{"valueMac":{"type":"Buffer","data":"EQb1CTyVvzWLk54YWydNETzpvmvsgA7twTkGFD3Q0g8="}},"14Sjb2vHg3cc/6uW+M18FKAmPtw+an+eXPDeUrNp4dc=":{"valueMac":{"type":"Buffer","data":"DJAH6VViZkwqi8Pwma3VCky79GBBM8UaIsr9nemQvqY="}},"167jpRm0ewK+hw/AiVGXh9G6v7es4VEGsBL82UvcDYY=":{"valueMac":{"type":"Buffer","data":"Tu6BT5Ym2o9q15Yeft0Y1FHqsjN2ifYlMzw6xYctuz0="}},"179Ws8wDcOVMMaohL13kfWVjYhCAAVsAhwNTeVh2G/M=":{"valueMac":{"type":"Buffer","data":"duu7uMHjsmbiomDvt6Bs8aK2X7GgC7Pen8o3WfPcz8s="}},"2PdxXg5ZLjVO4eEPZhVOYdGz2WqHjexw6r05jZhfKAU=":{"valueMac":{"type":"Buffer","data":"LymOI3ctkU9dYOp+QoCRCRquymCE2FmCqTF7nnE6KGI="}},"2c+IEhbRoRGPJnR1n1CkeGmE3TLoVHAk9U+U5OvUEVo=":{"valueMac":{"type":"Buffer","data":"1ZIL7RdTgMiofFdfZFPf3HOtkxuIe1NNmNATD3bRGKo="}},"2fV1aBCG/ldOv/xHFgFqcoAEARgMiUFgJAhIbQGSnP0=":{"valueMac":{"type":"Buffer","data":"KiVw3DRsPgqHAGUmfyy4cHmc1pcgH47iqrbrSjfUSgk="}},"2i8FGRcwbt8mkPvfWHC7zlem7pT3HGS4nJvrnHPLfCQ=":{"valueMac":{"type":"Buffer","data":"dz/t6hEg0Q2w/G9o67Jh+2/QAthuBEOTFvVWRNLmrZk="}},"2nI3hyhQeb9rFIP2gi3QlFz0RQvGrPOrEhqoDFXaanQ=":{"valueMac":{"type":"Buffer","data":"P9S3FYxcSt3TI7jMqxLdLy0YJOxQUPyiduUzsEFr7pM="}},"2yyDDvN+LrxDMeGdAR/o0V37qygaiycWZxqp5fgVtis=":{"valueMac":{"type":"Buffer","data":"sniP915vd9x1FHigGHuUPfpJNrpizF8rGx/YVP7cVuA="}},"27qQ3zGM8tGn+fH4bBQ6+VmJSiaDKO9QHOA0H0M69M8=":{"valueMac":{"type":"Buffer","data":"xrFxeJAZdlqSh1BvVsrJA7VhUc1q7s+w8z/R5qDKOWg="}},"2/++wn5N3U73OQHvoDHJlsuj4uQraPSbgcWIEMeGAB8=":{"valueMac":{"type":"Buffer","data":"Ivy7/IjM51BQV2jhM2PnbDJ9HRKlx1cENpy6n37+qig="}},"3AaqYwJeF8q9W944o8xcSbH/fPAqqZuph7dMRGVK2Vg=":{"valueMac":{"type":"Buffer","data":"dQMPQZp09v8gDnsnuTc3nHzSkao3T5XW6p8O+aDsWXs="}},"3DhZmhX44lxPKt6Fba3ESm1WdKBlBkxxF78yfTeq2Fg=":{"valueMac":{"type":"Buffer","data":"ae6NLhoF8g3lnUwfUmiWeF/kzDBPr9eSa9JsU7PTTlU="}},"3EBP6D/Ym/QYPkolC6y6fCUWzoz7JBfpSkru8QAnX8k=":{"valueMac":{"type":"Buffer","data":"324JVw3SsNFmz/IaOeu1mbE/uA6XCZF1x6iHaag1oBk="}},"3Mhn4eKZvBJTWqgnaL5d6ie+W3Vru2/Gn2nzQ/aWXmc=":{"valueMac":{"type":"Buffer","data":"xoIwA7fyxx5sYhgUaL8ow/WDlvLVoI8AEjeqo5sQaqY="}},"3RSZyaTSA+8bDBmn/LNfyWwG28ZJh9ZIjqUAPjBp5yo=":{"valueMac":{"type":"Buffer","data":"JRylx3NPR88TwcfCFyh42P7Ff6v0VfNn/mtZXZ2YCd8="}},"3ZFTAFd/ByAthQCyHwoiNCQLW6qbrBq75y/uc9ObKf8=":{"valueMac":{"type":"Buffer","data":"OiBfaqhZEe56K/+tIg567yqyLj4jy2AGyNaIIa3/7bw="}},"3brMCUqLJCV5eWk7VyuIHb3F63yduucHqWy1fgFE3PQ=":{"valueMac":{"type":"Buffer","data":"t80BoOHllF070V7DA4VHKiI8OfOzhz2bSvtCBrXNSDM="}},"3gSzUBnw7AGGJYlbRAPmiW4zxZvRGmjelucZKkXK+34=":{"valueMac":{"type":"Buffer","data":"vnRCPN588USWdw32z/OGv2pwlTeBwWGT/kjwmZh/2N8="}},"3mZQNrS+OolKmu5Ug2Zw9u9n1fgCnkEKPcqpTYgPweE=":{"valueMac":{"type":"Buffer","data":"YKQakQ4hwq78JbFrjRF6HGIE6yI/tTfWuWCoeUoqA5s="}},"3m71TyuuXUG0lWTg2jGQ1Ln7+foScOSUWt2z+3nBl6Y=":{"valueMac":{"type":"Buffer","data":"55/q4znVOIXqnHxlDuRG7G9q1jN1cyXk75hE1INgfGk="}},"3t3Ii2Gk11LpKwx4EC5isa4iaPQT8rP78lVWJdB4dT8=":{"valueMac":{"type":"Buffer","data":"q8Qm/k4P+DrhkI/xQUjLXuGisQKWoLSkb/3OcZlWR9Y="}},"30+/f8UtPTSfazZyn1h0RMf1apIbn6mp4WxkFwVLEUo=":{"valueMac":{"type":"Buffer","data":"RWh79jdDPZ8vWUiRcyDGI245Wjll6zpr2pmPouqeiPo="}},"36TAUo67aJ/WN7HFEv9jmvqZgIW60h98o5NNIJZFL9Q=":{"valueMac":{"type":"Buffer","data":"HILvJPZNb4Qf887AZTkoJbgQiCQ2VVpSn4TNv5Zz+OA="}},"4CASodWMyFPuMe1NdprhkcVJHVScQBr1FiSsKtXaDp0=":{"valueMac":{"type":"Buffer","data":"Me93iC+RHftyqeUsHGzExKIedrXMGGcXLdB2GKwV/e4="}},"4JCY52Yj0fcoEtuU8+ZUUe303SRpvZ2Wh24FJxkpkv4=":{"valueMac":{"type":"Buffer","data":"4X/PqEV+D4xeRPjHc6cLfbXGbB5HuJro8YRrugQXJZE="}},"4J5DWB9ilMOE/JzELM2iOnBYaHLEhk3dda+zciE7gSU=":{"valueMac":{"type":"Buffer","data":"JeutyjXQfTcYYzJfRqvW7IVp8oci1SdzXnonEG5yfgs="}},"4LaGp2A2zjNPKqHjaQ1976QVCCzZtfTuiHUVJwc1sWQ=":{"valueMac":{"type":"Buffer","data":"4PTPo+icjX0aw1alZLMjqVBL14ybduy0zRr1vMqn9ls="}},"4TYC+/r9nDqfAnEY/k5vqQ2czxzfEL/3JTdpZBecf5Q=":{"valueMac":{"type":"Buffer","data":"//k40r4VrIZRildeWekXJVQfiEuxwZ8UbwNn4oMHSyc="}},"4f6Ru0/HWepI7TA6/VUfVbHlsT0ooGBIH9XHa93qtUw=":{"valueMac":{"type":"Buffer","data":"+r5jRHtbdMxfurpbnMhCkNI8NfNZEUl4iXKOE7MAQJw="}},"41JZVG8TkwFRlMgwADSNILaVA9dQvFeCpK1EIM5PUR8=":{"valueMac":{"type":"Buffer","data":"xKcqGqsrC7QffadSANqdfZTR9flj6Smm/Za15qEaNkU="}},"5DOM3i+qQo4YhImbhA81soqf+khYFKRdnEOs5G2nha4=":{"valueMac":{"type":"Buffer","data":"4a7yrRr4DCM+GvpLfBN0V97t8kAu8FLLIWN5zKAgJNA="}},"5eZ9MSAFgIp+oQPJgr1GtvdB3CE3Ku0NfT3hFP7gnSU=":{"valueMac":{"type":"Buffer","data":"S/1yWmlnBEX/1ITVuvEkPiLfDNrF3yUXBMCfnulS95k="}},"5oOOHitCf/DPJBwRYy4nWs6j8wayyh7mKD0VnyglVNk=":{"valueMac":{"type":"Buffer","data":"Wrv+0D/UocP3dWHeaXn7O4tolCsolqJC74tnAKosFrI="}},"5z6oFQT11wCSz7e/NgYkCAJfG2UX7Eon69ae0cOpuHw=":{"valueMac":{"type":"Buffer","data":"ypyqNCM2ZCPjaKxlvX/KiCjyOrLmQRI1bkPKSLKj5bY="}},"546mRtzOBRTcAC8ZsqtsmTnl24cFsnn34MIQpISuCgQ=":{"valueMac":{"type":"Buffer","data":"qVDEuo43JiqQwimU8OVCKojJIiSd+1O5guiGHQnY53U="}},"58yrRJaZl8037ChwkfgQ4HXjdPghV4SHNnDvbyMugGs=":{"valueMac":{"type":"Buffer","data":"vDXlL/MlJbmqXmslAsXSyhlF9zm/DqBZNTLi4G5YHEM="}},"5/3ikcs3XKg8C22ucTFL7Dla1ADzFVVPD7Nw+pSXavA=":{"valueMac":{"type":"Buffer","data":"S6tzbcpw9tVMpQibXjZJOqz6qFWzRhrqMqDW4URIOzo="}},"6N9A/vcoYGMylt27UgKTS8s0bJd03ZoUTMdJ7TMXRzU=":{"valueMac":{"type":"Buffer","data":"oBS/qWNXsXgdQKmXPCjKN7EpRmLK0U0oXFC5sS0Fj/U="}},"6T4gfzFqVR04b+xsTINi9hiUUFkFi+1Bxtjv4BvRGmc=":{"valueMac":{"type":"Buffer","data":"3IIgllMYlh1EfL6aqYFp8xjbLcq+3D3tLsVuxgo2UNw="}},"6X0EtZn0N24CCv5t54tKmcJfZ5JIOE8bZe4qQ4gvvug=":{"valueMac":{"type":"Buffer","data":"Jdpfcl5m7oHKLNnAeh6JH96NmqD3pL08F/QiTE0xNdQ="}},"631xgP29Wrpf0lbboH0kNr7ls+77/ME8iem69TuYW3Q=":{"valueMac":{"type":"Buffer","data":"JqiW/Cwtze5kEh+5KX3sF0Vq/Yf8GsHoF0PDPsawPXY="}},"6/TKT4esYnoypD0FAPo0njmLFlghD7GJ4xk4HTkVUAw=":{"valueMac":{"type":"Buffer","data":"u86ewJ/4iSHQiiN/+0G2Cnebs7BS1k6do2bcP/26EHA="}},"7M9zRkmbaIOe4YsyRghRyEFrIYB7i/ajJsi5WRN7qrM=":{"valueMac":{"type":"Buffer","data":"HpppCw0mM2DNdVeDzn85JCBowV/wsmEYH1G8qk+ubdM="}},"7QkTICZ8malJto439sncqFX9f+mns8/PHGiYAbVYtDM=":{"valueMac":{"type":"Buffer","data":"M617exciO+g1CCl0FD1jEX7vT32cXC4/7ah/qfFZ3sk="}},"7eagHogtS2EF5Txp5EzOFF/oHPkzoscfCJSSd66WrD4=":{"valueMac":{"type":"Buffer","data":"M7whKU/8bYDK7zTl4DPuP6UVXEuZ/dajQ82mQvgoKXE="}},"7fE1PJ5tNuhfFWpFdf1thBY24/UnH3nweO8Fkf1a4/o=":{"valueMac":{"type":"Buffer","data":"vzGUSGbR+Dbs2ZRmKdK0xGXpBSLRMtrvjj6Q8VZQt/k="}},"7iSLv5udGcGHHx5RZ3V3pN6IeLEdMEqW7LMtmLFTwU0=":{"valueMac":{"type":"Buffer","data":"IiAct/u9lhnOcO6WyXefQocbu++K49759v7gMxFOlYc="}},"7pO7w8wNMUAnFc4Fd3MWqw1514+t6VvMTregSD38few=":{"valueMac":{"type":"Buffer","data":"AVGHKW8JtosTF8XgAafYsfCEbXg4q0xEh86EOXlw5YQ="}},"7sRpYlKMRcYh/5OSAE0KcOdwlvLH1Osqb/r/CB38Zsc=":{"valueMac":{"type":"Buffer","data":"ARnpkb97tO5rNf6iiQ13T0Dnhauk9LpxeCgnrfpkx/o="}},"7xsMCc0U4NmtYfmbilsQrN0nmRueWighmo15Ns2W4MI=":{"valueMac":{"type":"Buffer","data":"aInqSsANmt9Qn1r0vWt/r1nu3Qu6z7lu1kiQPNNCamY="}},"70FU1EOFveOivGScdum12DhE95yF10E4aXGUfxs+usQ=":{"valueMac":{"type":"Buffer","data":"9UyazTOwysTVUhBiao7NdYyKmOXP1Mc1EesthW83dGU="}},"72dKkl7eAFk90Z3kMT9zWfPCoQbykMCAaSagKqJILfo=":{"valueMac":{"type":"Buffer","data":"9d/TAtvJvbNsyAPdtlgFAM45SUe2rklM0IHbMITu/dQ="}},"8HNlrXxepkPKwpOFnobsH0b9Ppu3OqhUpCMYztWNQNc=":{"valueMac":{"type":"Buffer","data":"2lwloUOdeASCH5sz4vLgc4T7IG1w1lp3UE9zpbxB4R0="}},"8nUKrCVjvEU2xYrKuWRxXfSctNiv2yvSfICoWv9wW3o=":{"valueMac":{"type":"Buffer","data":"7mF7eaHbo6g2ZcM8iOHEQcxEaIg0Y24bQY+S1cQCIBY="}},"8xoH1T8fvfAVcvENofM8aU5GfmWd/kjm70g6YaxEOCk=":{"valueMac":{"type":"Buffer","data":"JYGd0+IchSBqqTLHsN1/dL5AOMU7W2QaG7y/QpZrTt4="}},"89QrHD6VY+A5Bg/Crer9ZQWexasvj4+hRosXVUp4USU=":{"valueMac":{"type":"Buffer","data":"ivJncWQaAroBqfKN49H/K84ZSfLJZkMLsZmTe6ZpjCA="}},"9ACZ+YI+DI+vDwNMcBaJno6wQWam58kGSObGD5x2RBo=":{"valueMac":{"type":"Buffer","data":"kpNN3jOQjw/pwUMeRlFiOcK7/SxG4CCaSq13AB96mys="}},"9BS4BEl1eFOBZ5c8OdoY8cAEfCd9WlkaYv4qc2zuyUY=":{"valueMac":{"type":"Buffer","data":"Bl5dU765OQL66ee+fra8D2AuDlBGKrAgKDrgTAc7pxE="}},"9Cg26/rnhx59MOCFaJEJ5jGTRauoFypFepYL2uo490A=":{"valueMac":{"type":"Buffer","data":"2jmrUDpidtR8aaiXtfMzC/0P6P/lGxg43jRIu7gOGRU="}},"9EdSk8goyZ32HNv5JDsdlXts9OGvUi0D0jtZXbmnvuM=":{"valueMac":{"type":"Buffer","data":"lZejS4Fw7aL6NEcYNlKbvIXpRWogcphK2GEhC+OBFMc="}},"9FTPf6FjScf4BgEGRrZRCglOZV2GoduMioh/lZ7FUWA=":{"valueMac":{"type":"Buffer","data":"qf0Lk1kxPcTHCMzGoCtf+oPaXPKcTT5zSanD4OfYBlA="}},"9HsjW4qEArncQhMn17EnSamRCOaf0uuRiW/C73Ehsk4=":{"valueMac":{"type":"Buffer","data":"bL4AC+7bq2BmvD1hcXTGCFcPeC6o372k9NN0paZ8GV0="}},"9JMHzMxHJgr4JJODldMiVD8PtptLh5/aYKUiKzp2P98=":{"valueMac":{"type":"Buffer","data":"wI0Mx5/0J3Zktg4D5ndJ+N9gtgu7FU7+mt9wR0BD/PE="}},"9LxO3U1fF+dTjD51TUDBgoZPuC8AZ/ORNWUsssWAXgg=":{"valueMac":{"type":"Buffer","data":"RMKNMeHy12guEt2Tcjqrks7NmJzaJSlIc4a8GcCI1kU="}},"9M114q2qp1LpAznj/bhAIr2Wj3U+efvRSmOKfeR5nls=":{"valueMac":{"type":"Buffer","data":"FNz3tBlHWkdA/Z8tPj3aBUQ5gpwKkG1/5Oh8HWSgyYw="}},"9NaJwtkIHqKrlhNWAQ+wQKjakutBQqL3JP/b0iUKCW0=":{"valueMac":{"type":"Buffer","data":"r/uJqhmtTRVQOF1DhYXmrqGHFG9HfHSqkfLYB4Xrs4A="}},"9bIIJFi6599n61H7XMRUdkrgZk+XdSppzsKPCXt2iBg=":{"valueMac":{"type":"Buffer","data":"RymcsOlIYQ77K1pm+HCnSy5DIejcnw/rOJSPTAOSbz0="}},"9zarin2wNCZ3tsGcJ2idgKowpmaxJ3xzMyxXZ1gVSZI=":{"valueMac":{"type":"Buffer","data":"sFRq80gjj42KKvjduVM2dHnkLIxkXd9vmhw1cgTiAmU="}},"94hzrVQY7oFjNBbAd+IyQPGKGi7LJBZlLfG2eMPqCPw=":{"valueMac":{"type":"Buffer","data":"ZbaOoTbaYfilGpMBjreHj+gobf12DJ3P3wZSG2QTWsQ="}},"97xE881PZLqm7Vv8J29zLpcF8BrX4NCN2RSgoEUUWkE=":{"valueMac":{"type":"Buffer","data":"dPwQEdhZjJhqB+F6ZLOFzw369+vv8BOYxO1kBCwKdc8="}},"9+lOv5A7rCH7I1xtKyg2WDYMJB05F2VJJ4puX4+aQmc=":{"valueMac":{"type":"Buffer","data":"yMDE34bg987/2TimLRWdMBfvxalX+5sR60TeaP5l3mM="}},"+GcBgYFV7iPk67+TJSCqCOqM0/1hRnYLB7hCvCQLZOY=":{"valueMac":{"type":"Buffer","data":"4iHpOIdB5vNIjCehWhoLDzwAfFRcqbpoDYEF93Z1MMc="}},"+NMKfGW6lZAtA/hbrqDrJoyaRF1jdhd6+dCuUWwWw30=":{"valueMac":{"type":"Buffer","data":"oH56VcdJJhKvuytYS1yZrKg0+FTjGzaUZ54uACPfg1c="}},"+OD3YTcTG6mPvLHbYwgFqJKn4g7kopo+ky44MS5Lvk0=":{"valueMac":{"type":"Buffer","data":"QkDy/DUc61lv1jHsXxEpBUTOs8wL2TRtWj2ZIuP+xcY="}},"+R0v/AB8bNNSU2c6hH3TjE1ZRVtyOpUrRYRQm5OJNtc=":{"valueMac":{"type":"Buffer","data":"RJ5RwaoLzOrtgREnhViOf23ExXgIDchkXzsH+LcaYgc="}},"+leGjR/399KouXzYrcyN0nZLnDJi22EDpUQmR13U+Yg=":{"valueMac":{"type":"Buffer","data":"B85fuqDj9B6OvMPRNUdY8GmzjvoK5YQ4GPJLsU0L0/I="}},"+nhGtw3D75Z68YNNZVYajgZ6ywUzH6l4IBpQxVluiNM=":{"valueMac":{"type":"Buffer","data":"854/s6jLrgFc9rrs8oOOVJ5mYK4XE6WxJR8HuvG45Pk="}},"+513/B8Zxyv2S2uPgb9zKCO9ffkg5VJMNE8DzQB8gdE=":{"valueMac":{"type":"Buffer","data":"vGWWeBAvsMyO30yhFXR1uknuTa1JzRZl+QBMXFsCgao="}},"+9jI7kWanQ6oBfmDA+4DEjcF3KlM9Y1xe8a9Y1aF7CI=":{"valueMac":{"type":"Buffer","data":"BXCnR0QcHVbgmbm0m9JUuU9UWu+Pkn3BHp1qTf29Ym4="}},"/LFcdKdrq1R2er8D6BunE/cCR/CLmFT9E2smIosY5tk=":{"valueMac":{"type":"Buffer","data":"Fta07O+I+uxlQ733MSNA9/eCg5+/B8TnU4SxELq4rtQ="}},"/Xa995QQ74of+EaDS7WJsr3/t1YLVeLoPkmqRHk8Kqg=":{"valueMac":{"type":"Buffer","data":"BSaHTa27/T32ejvj7WkFrnIYPaYTyqY/ldpqCdkfivQ="}},"/Ys+YlLG+DzLMuQOo4P/35+ekdvSd+3bPqVh5jPQYPs=":{"valueMac":{"type":"Buffer","data":"ImgLZj4R11JN3jL4ldE9xz0S2X7JKFEumoKa2FD85zY="}},"/oF7oNXVrGtAZ1CI5vre3FtpJ936WLjrN48JgP/chYA=":{"valueMac":{"type":"Buffer","data":"uVsexUk6tvesJE2cw6Kpyg6UrDIK0ZvPSFTI/+iQdHs="}},"/ogS/0sv9zbq+fnkYW8SJDJx3h9i8u5NmlIDbaRHAqw=":{"valueMac":{"type":"Buffer","data":"gTZXVYhsSRpteyUHq4g+YJSn234+9S2J0ZI5r4fqPxc="}},"/q6TNUzjMY4Bb15Ect/oli2fD3YzkWzp7EelWmAC5rI=":{"valueMac":{"type":"Buffer","data":"5wyPyJHxEwNauuRHNTtZ9/zZDWRN7rDki+vtVSz5WME="}},"/uY9jkFFkcrg43d+AlbWjlsI6GXqVR4Ms3JSRTMwDKY=":{"valueMac":{"type":"Buffer","data":"WpevUdcX6zV9on5T108kxFdVAd/zXhbly1E/GefqpQc="}},"/4FSN4jGDaKCOFn7Ysv2pF3ii3FFCQHRf4nDcpmmg7I=":{"valueMac":{"type":"Buffer","data":"Z1kS5Ykh9wwhAzW81WORV4jErfnHSFqeeIV1AvUcn38="}},"/7lGcwsL+Kn07ZyMv7PrL8cc8/GTaU8tiBXaA8CTFqA=":{"valueMac":{"type":"Buffer","data":"K4viAtXa1hh8xugg/2M/zpfG/GbpyyIYFko0U9HFz1A="}},"TyD/Joo1UkiFvPYXI+ajfjiSbXi0IrhNzMd2G/gPknA=":{"valueMac":{"type":"Buffer","data":"Rs9Df5Y8JmiuXdaKovmW6i8zmXQooXalsPTHnMKQhvo="}},"Mi4trQDfpAhk8WbE7lNFTga7K6GAw7v//hBY8O/5ZAA=":{"valueMac":{"type":"Buffer","data":"sQ81f/opUZJ4yFlmsblCZsfoafKfavb/PFI4o3YBYkQ="}}}}