{"noiseKey":{"private":{"type":"Buffer","data":"4PfeFRhTAcmsdcIfREhYrmKJ2T9FP/l0UmXuNOUfy1k="},"public":{"type":"Buffer","data":"UXJp/7uiwwmofylP+yUdqo3dVqdkE/H9bbcN+7GbDRM="}},"pairingEphemeralKeyPair":{"private":{"type":"Buffer","data":"UDeTVR4Exf07yCadmcIoNiJglOcVwdMOTHQvAOmJf2M="},"public":{"type":"Buffer","data":"g+h08w9XW/oVKTpQ3zKEr0B6Jv+9AhHHsUJs0q2YAkY="}},"signedIdentityKey":{"private":{"type":"Buffer","data":"oIdUSvSWsPxggvB4GWsjIBEk3t904spJVUaoGt/pdVE="},"public":{"type":"Buffer","data":"1QrGeJ+e8EBswmCGhJz/VYaj6yNKv4NncIDItsu+C2s="}},"signedPreKey":{"keyPair":{"private":{"type":"Buffer","data":"GPOD41Xbu88dGUH9ZmtWywjCjHpH96QvJkMZsK4vrkQ="},"public":{"type":"Buffer","data":"bn5Rnjw1lK8yjH6gjuyZUP2AAR6hSwcwfI8e5bBKVAk="}},"signature":{"type":"Buffer","data":"OXe1ETuGblPxk38ZYlyvoeyPTW6qsBxQ7GJlZ3NxU1DhmlWQ9SXyhvYe3IBHDROYb/+fcQP1vi66WV7kGXvlAQ=="},"keyId":1},"registrationId":201,"advSecretKey":"ei8KNbrxD0tp/WkEbcbue4jlTufQXiD1uZHFa4yey9Q=","processedHistoryMessages":[{"key":{"remoteJid":"6287782171415@s.whatsapp.net","fromMe":true,"id":"040403574348BB5183667673B7E9D1DF"},"messageTimestamp":1750357531},{"key":{"remoteJid":"6287782171415@s.whatsapp.net","fromMe":true,"id":"BBAA03AD7ED7FEEF2F670F0C91F8647B"},"messageTimestamp":1750357558},{"key":{"remoteJid":"6287782171415@s.whatsapp.net","fromMe":true,"id":"CAA580EC33E0DA74E5644F73E521E0DC"},"messageTimestamp":1750357558},{"key":{"remoteJid":"6287782171415@s.whatsapp.net","fromMe":true,"id":"251FCDAFA6A31DFA0E7F4030A6324544"},"messageTimestamp":1750357560}],"nextPreKeyId":31,"firstUnuploadedPreKeyId":31,"accountSyncCounter":1,"accountSettings":{"unarchiveChats":false},"registered":true,"pairingCode":"JLMAHM7D","me":{"id":"6287782171415:19@s.whatsapp.net","lid":"265343666806790:19@lid","name":"L"},"account":{"details":"CO3fvaUDEJOs0cIGGAEgACgA","accountSignatureKey":"XPokJI+y9D/sWe3w4NT6hRNDHFgmfGkk0ohRPgPz8Hg=","accountSignature":"1QTh3Epiew7xvhjDFfCHe9vnM1PPcpFYHqHvP126CiqyU+TUxq5c5FZKglyGqQzgf/ZqWV4FJPpLS6593AY8Cw==","deviceSignature":"JfLVWYyyjqH+hlvEYIJJB4QngcNrVHg398SWmMhRf6WTco4O7s1yj/hX33Th/YOOhAbIaBdsqLUGE4GquGP2Cw=="},"signalIdentities":[{"identifier":{"name":"6287782171415:19@s.whatsapp.net","deviceId":0},"identifierKey":{"type":"Buffer","data":"BVz6JCSPsvQ/7Fnt8ODU+oUTQxxYJnxpJNKIUT4D8/B4"}}],"platform":"android","routingInfo":{"type":"Buffer","data":"CAgIBQ=="},"lastAccountSyncTimestamp":1750358693,"myAppStateKeyId":"AAAAADK+","lastPropHash":"1K4hH4"}