[{"senderKeyId":782558546,"senderChainKey":{"iteration":283,"seed":"gi5O0AfMBj7lFIU1HE9Ubf8PEaSr3KCrtcLA+jkE2n4="},"senderSigningKey":{"public":"BbF2yVRs9TUxNyYlv+TlJL3RlJQ6u9JKLPNObcy8/SRU","private":"UPlvCIZEK3/u5/N4n4pR4PK6CTywOxiFb3slw140tE8="},"senderMessageKeys":[{"iteration":1,"seed":"gRlvGw2Frc/Z79TYzMYdvWIxg5AVVXykzgD9EulhSFQ="},{"iteration":3,"seed":"mTzsgkC5rQExp6QmKkv6d3tvgXnq9EOly8hCQcabhe4="},{"iteration":5,"seed":"ig+vTPQWU55ce5NFto5dvZaqPaBzl43ANLAwrNzqqZY="},{"iteration":7,"seed":"FWXYwLKnM3FZoN1OL3sOCYT+M0EZBfSb3sY+rUnEFmY="},{"iteration":9,"seed":"ICUbO1i3+7AtUvZkN33t7H26ylpKJGg2wZAPrdVPdPE="},{},{},{},{},{},{},{},{},{},{},{},{},{},{},{},{},{},{},{},{},{},{},{},{},{},{},{},{},{},{},{},{},{},{},{},{},{},{},{},{},{},{},{},{},{},{},{},{},{},{},{},{},{},{},{},{},{},{},{},{},{},{},{},{},{},{},{},{},{},{},{},{},{},{},{},{},{},{},{},{},{},{},{},{},{},{},{},{},{},{},{},{},{},{},{},{},{},{},{},{},{},{},{},{},{},{},{},{},{},{},{},{},{},{},{},{},{},{},{},{},{},{},{},{},{},{},{},{},{},{},{},{},{},{},{},{}]}]