{"version":81,"hash":{"type":"Buffer","data":"wJpsUZgkzt+YsFCE+8wa7vcSVdwbJF7jKbrwxbqiXiu7teX9WXAgdrAKAKyMv3wGdzPGiCfO9QBwLvilKMdB9gcOZrMneI6hT0HGOU5iQTqPbu0e/1LNVuMsMkF6oHJqaeonh6BJ6lv485LDzDOpJlTT7UeKX8t412AoAxlTxFI="},"indexValueMap":{"BqhqINGoT43/WxHzF3Zm58txU++vOAC5Fs3tacb31HQ=":{"valueMac":{"type":"Buffer","data":"IdcQVJfMrpZWeISrZUxPoF3/vFXpRCIfbYrn3UntX/o="}},"CC25Q9dsGV5vUqRdKw0rzq+4r0d2/ZdbcrxTCN6ieO4=":{"valueMac":{"type":"Buffer","data":"o2eFVhNNksGkS2CB3guQqtNOwz3Ru5cFVKnY9QX50fE="}},"CefjviyZ3kNW5mehvpyCGUTHytkXSStrf7+Dnuomj5I=":{"valueMac":{"type":"Buffer","data":"FrE9RyNiE1kDoFUmSI44ZqXdkDnSK9tLBZped3zLpNI="}},"CfjSuwo7JI0Gb2K5rCoKkOnxkwcL7jUhlv/+0RPd8PY=":{"valueMac":{"type":"Buffer","data":"SrtKEIKXMletx9uiVQxCQwdOLxwk+uY1OAwe/5BcBws="}},"Cy8uHZPzPkZAPRQ5hBAUV6sxJzD8XCegGle3lHG72UU=":{"valueMac":{"type":"Buffer","data":"zyZlmTwrAlKekAVCzGdvXMAGTT6q86r3GL5qJuG5Dfs="}},"DWlVZzbdvc/cEARb22gjkObp/oftA/cyXxP3WeuasG4=":{"valueMac":{"type":"Buffer","data":"dghg2Ro3TDmU17tkL0cXwiwYfqnOvf4XrSfdZ2zrk5Y="}},"EXhxDrYNxVeEbijIThVHmYVl0h5o6B4Bs97OT0dC0Z8=":{"valueMac":{"type":"Buffer","data":"UZAchTOR69snu3/YdppauxaAhTUCLk6IfcrxKf8vtAI="}},"FG+GDCbYFBqfOmSzcM8HqF4FHnOjgcBzii/FS6eSL/s=":{"valueMac":{"type":"Buffer","data":"e4pkxJTSKuyGgKTN5at8WBVATwp05w+RtdpUdRQoNI8="}},"FoevezNCpBFQP7kaiiwT553knPiPDiyLXaZsTtzTNyY=":{"valueMac":{"type":"Buffer","data":"33rr2EDfG4bnFOj4JwUAtNRwpJR0hm35BYJ13HamrSo="}},"Gq7v2l3ppYhMOIW2EiSqtRkR7v2KY6cgMvHS3wt4knE=":{"valueMac":{"type":"Buffer","data":"yhWgH/pNqa+qrskjtPhxubKvsLCDiLmHhwaChOWfwrY="}},"H+nrg4ar98bsFqCKY3rLPg8ta+oK0+nnmulcMvNHr/k=":{"valueMac":{"type":"Buffer","data":"up9QQBCEQhcTrMeCS0UdoQuy/O4uM8UQg6RvT2uDY7c="}},"IG+DdhC7IOiKvW+oEN4LzfBvVGOzzk3TJeA7HI8IczU=":{"valueMac":{"type":"Buffer","data":"5fJ6p1T+Cs774PRrpWuOv5U29NBayMPJ/vowSxoNBKA="}},"JJzfZbQO6bIyD60dF5bNyGpDT9cxIVlLr4gX+gBP6T8=":{"valueMac":{"type":"Buffer","data":"S7NoHYD+4+1X954SVx+c82Qt1tT2aB6C/neIiOm0my8="}},"JYjfXt02X8pzLBHUULDuiN76PupkKz+YDKXNVudaYOA=":{"valueMac":{"type":"Buffer","data":"13rO8M5En9lHFY3e5t2wEF38NICpFVIkKrHEOqimUjQ="}},"K5vOgMsOMnscgiNFFZRPanlSvFvtGfiemEhq2nGnS2U=":{"valueMac":{"type":"Buffer","data":"0NPz7c3e4guYRLERjfUOlbPCa5CZaTFEfRIQJ25KnP4="}},"K7MniOOFnEYf7XWm1x0Wp1hnC8rYKn2fH/Um2bke2Rc=":{"valueMac":{"type":"Buffer","data":"MFu7KwI5rwoMAXz+j0OSHw7vPSYzNpsbJ5+lZ/ikWTM="}},"LK67HzzGcB4i5Kyd4jnLQWSbUEC2wEFULrgFZqkcs38=":{"valueMac":{"type":"Buffer","data":"vCg74j06GQEvpJeWjT5iOGX+zm3vUVl7Kp0bVUNvzjA="}},"MeiZ/lOfILrv7Z7fqytCcV9w1hydfAP8ndjXJ2SXcpo=":{"valueMac":{"type":"Buffer","data":"0a38EE+5vHl28CebgrXX2fTysd9GhHJd71sysWsZwy8="}},"NnQbWhxFDn6cCWOonIvUrcIzrJd5YbWr2UUV3ZgBe8k=":{"valueMac":{"type":"Buffer","data":"APKFS71Tuu61yrnqA3DxUOveMeHyBh13crJQHVunbaQ="}},"RMT1LNL1n6w6Nof0kkmeBxoIPmDNiEZ3gyh8Xl16sjU=":{"valueMac":{"type":"Buffer","data":"O7WAqXdlSQtbls6/RHoNRzEncL1/6hTyZk11n4cNO3I="}},"RunVO38smb+6pnmxbk9kTFv9PGtrTc5CLT0zZtM6O78=":{"valueMac":{"type":"Buffer","data":"aZ8dtjGAWw1HrLhzkD6sjX7VhDi+8BKZqrkOqwi+qqY="}},"TFGfueMkmV07wardhHaF/Mp6YnQm/IJYwhf8IfYbHrA=":{"valueMac":{"type":"Buffer","data":"W3GR8xxMqaew6L9gV8PQFTZNssvByvrLBTA8+uHXpjE="}},"TPabrXy4xhx42X6lGUb2FUqd4UuHWZubWW/hN36bxWE=":{"valueMac":{"type":"Buffer","data":"T1sTs7eMK6GdU0M1VPrYAehqdhjAIyD10NBGLcqdskM="}},"TbJIXquFVlCVMlACHEtWPSj5fgu9Hv7RakWjyOwIeXw=":{"valueMac":{"type":"Buffer","data":"976Q3+cvx+XZbbYol6fahs6NyXBzsUYeNAstrQUIJFU="}},"X7nYblRVV1vhsLVp1vwIHVFmUIe0CWWL2t6vGBNSyO0=":{"valueMac":{"type":"Buffer","data":"WgD27c1HOFt1DaqyvPwd6bJJLT8OqyQgJRtxBXAlnxw="}},"ZFmLoyx+y377UDPilwyFclSTqbWdM9f7/7X5902i83s=":{"valueMac":{"type":"Buffer","data":"O7PZReq4/cNPP+RS9LpPRAYirdtWapL5AMr1vo8VnmA="}},"ZZ2azUqxaTrqOkVkg9hG5jfskHT5NCs/9YT4IC5TDb0=":{"valueMac":{"type":"Buffer","data":"bNnqyHuQnX1P98s5uGxTBBAz0iPY6aXeAE/W1LM02OQ="}},"Z2tu03tV4PSXoy5v9AogByKqPNDDTmazKOrg6VivHXQ=":{"valueMac":{"type":"Buffer","data":"ONZcE8BQi3aEM0mkE3vzJR+wt4YF68oPhlNuUjIZTiI="}},"acmjaLX+Ra9M+Ts19MbT5+c+UVMCu4ZKKuZ+mg0IL/Q=":{"valueMac":{"type":"Buffer","data":"aduUZkro8RN1P8cE3/ACC9z3vJwV/kXvrg1yxbSAT+g="}},"afTSSWnlPCqoM8AYyjgJixKBQneTQQhIhcaWc7Hosig=":{"valueMac":{"type":"Buffer","data":"QboG+VpXzujV1qcrvoFjQfJah442GaQ3JMB1FIDHBRg="}},"ajjxLIz9H+rDDeoOVWprPC28ecPRUwWdf0n7+rx6PuY=":{"valueMac":{"type":"Buffer","data":"IUSN1TDhLS9edFkLIo9gBuVL0Z90g6dqOqjTfeIqQzg="}},"dCUjtRxAxKlMVw0SVMqgof22UW3WUlC9x40iMKh4lLc=":{"valueMac":{"type":"Buffer","data":"hzEidBXCY2mWur4jTtEA7vVAXI21LtWy4UtqMZ4br+c="}},"d1JEdKoNz1pQLwEEVPuJ0rmC38vVIkpQH7Us9tmy7So=":{"valueMac":{"type":"Buffer","data":"YxQdIu+R2rvL/Z2bftR8THLEQg2vVz+sMIijs6AyZ80="}},"etCXAqgefY9ZB+EG/vYpHwjZiCJDG5VorO1ASJOIwkw=":{"valueMac":{"type":"Buffer","data":"bJIT1agmhODzbCL8kV34QHRVeblvFFHVsSp2x7Wlp9k="}},"fNDBfVt5KY2uovMBM3xiAHLPpPpMuY7g017IjQoty1k=":{"valueMac":{"type":"Buffer","data":"T3tZQJp3WLLf/yypJufTZdfwTHTlZ6wig0Oq5Zw+mpM="}},"fTtxvkgHluLN2TjOo0QPLHedCKbKJjykMt30VUlfg4I=":{"valueMac":{"type":"Buffer","data":"Yz7lexS2BpC9U98gv8g9j6LI/PMsu3vhhOO9moRv7xI="}},"geqmXxCzaOB/EZuxrzEM+uQL+wtoMMbgGpRwmv/dHQA=":{"valueMac":{"type":"Buffer","data":"tqt8j5D4b1ZJ4MHx4zH8I/VQRu9qlSZQmYOUuGXU3ck="}},"hZMJx4VHxYc59ov3aAeTmMH2khvKUe3dKejCu39f31w=":{"valueMac":{"type":"Buffer","data":"Qx3Oa9AqhUI4oiYTsUweqM0PNZPns8eB7JEM/z/nCEs="}},"i79x1YnAkzOPwrPU2JND8Pida/BusrhQXjWo0MIZ/CY=":{"valueMac":{"type":"Buffer","data":"evePkwuT6NWZF8QLn8rC88RYrtLpq1X/+IiyUkzFE54="}},"kj+UlYbvbLHbhi2KJnfqcMeRlN8hZF81YBNJd2nUwfw=":{"valueMac":{"type":"Buffer","data":"oCrkJ522BF+5QdSIPhc+XJ/+ZovXgIJoybeBa2PK9nA="}},"mRHoP/BbizfK4NaShckCpkLyOfbDrHdeOmC/VFMfd00=":{"valueMac":{"type":"Buffer","data":"KrgoU5gdx6pteRuV4GgpYLWGdjK2ahRSS6RKj8LEu+g="}},"oFKZIdvYn6Vkio0AkcKyjU49K3hB37mFg5c2U0Jf9as=":{"valueMac":{"type":"Buffer","data":"RzlBOy/vYbcBogDX5dTdgmOTxqz7pmbxwdbJ1Hd6Gz8="}},"oU6Kmijj9ZvTgud0W5MYTQl2B10aTVQiRSEjiLxgXUA=":{"valueMac":{"type":"Buffer","data":"0Q7RI0JsKzXOHM2zosdGLCbG1J5ts3JIGSPXJFzJZV0="}},"oYZBmtxFobIfOQm+QZ3+p/phOdjz/45gzEZNEu5pI40=":{"valueMac":{"type":"Buffer","data":"w05XgEFj6abNwXQVBCGN6s2nWMrQcVHy1Dt80apdzuc="}},"qPsZCOJFaddiCiuqnX0tFHmYrT6QGUKgGav60Fy7SOE=":{"valueMac":{"type":"Buffer","data":"2raNyupGewEcufX0TLI4KKsQBY2GwluLWkWF+WrikN0="}},"q7Qie2RF++lrbNEM1JOnxx+Vq9RoZueVDdm5pDprBuU=":{"valueMac":{"type":"Buffer","data":"ys197uWwevfXIxAFfF0aD54uqU5ktXko3/4hgp0rl2k="}},"r/QG83q/UOQwuorwgFMNtsjHyP9ybRNkaNWCoSbbG0U=":{"valueMac":{"type":"Buffer","data":"4isPGZRfYxj6CV+bC4TPSfF+Rxz+zhu8KIWrj/2/B7c="}},"tI0JHbmvcZsSktl5UeQOLRY6Rq6FF6HGTNIpJizFFyU=":{"valueMac":{"type":"Buffer","data":"RwSqEkhcEfIEhEjPvdhnPCq95HLEKitRu4oBMLcpj7E="}},"uQ0jfMEzswLSfpqNCH3pTX9f8KPeVM4aPu8H2PC2yzU=":{"valueMac":{"type":"Buffer","data":"YImkRwSvROReqZWSL5zO3wwV/E2iPtcA/K/5z1qcjK8="}},"xYSit4UBxV0R0w4xWwFRWjmD1YFOhT4qqt0l4zyrdaI=":{"valueMac":{"type":"Buffer","data":"kHLR6S7VWPnZsO2MCx/lmM9v7ZK1/7tjGsX1LeMOIY4="}},"1isJt6INZqTzYNLP9FFrSM9hhfV0jCSl5pXg/NOqvWQ=":{"valueMac":{"type":"Buffer","data":"bMhWqoHXJH4AZ8FZS1Ayn0TBrFV4hr5puyR9JqyI0PM="}},"7CzPM1eBXpReSCXvyykAvbJk5jBu66j1l7W9+VgLPNA=":{"valueMac":{"type":"Buffer","data":"Qkoubvr9qzN4UciHMrZaNNqjkcBhReuI/k/fCvjcO/A="}},"75E+pnlw3xdDy/Y94xOsx4faGKGSHemXxkt37/mJ+DY=":{"valueMac":{"type":"Buffer","data":"coOo0tSoJFvQ6hdGr/zfnLF8SJdbJvRUc/ASvMtIQkY="}},"8bd6xTpxMuAW+juK1zJnK9JDMpeG306hm6vLtHD8JiU=":{"valueMac":{"type":"Buffer","data":"dh/gy6hqmcM/R6vEula33gxb+iLWaAw4VEv8J8rlMMc="}},"85xA4+MnbstNEo2vBMGr0mD23UMJhC4p37TVjk68vz8=":{"valueMac":{"type":"Buffer","data":"D5Gb5uKX+YlcQKrALLCnn10PIor3PT9kAS7Sqg9K2ko="}},"9uSj4UYOTkUOVUvme0sIQTXRVlzDUfdLLlbGiW+usCc=":{"valueMac":{"type":"Buffer","data":"MsgUZuI2SetStUjqUaUL+V3a+Rmn6dbvKQdl+Dev5nQ="}},"+aD1lzTAL01YU4vWxNKcf0XgvxK7SEeJTFNS4n7S9bQ=":{"valueMac":{"type":"Buffer","data":"82WaExM4tPcN2ZVY2m+Xwwpvy49F4L4TCbc2QKsmm6g="}},"+yGqjXo8vtSan7OtrlXPKTYsQXqTadQ/3rsK93PPits=":{"valueMac":{"type":"Buffer","data":"qQBx2cB0/36rvCdDiZcy4RZLIj05qfemme0Tmd6P8dU="}},"+7KUeaTHDs9TeUBhAad8jNeyqi16xRgtMlsWh07V4H4=":{"valueMac":{"type":"Buffer","data":"4Cn16JcoSI/tiKWaBuTaTLfMHUZk25D4kqGFNlFHxx0="}}}}