{"version":31,"hash":{"type":"Buffer","data":"ABStSnolSAp9aDY6Z8sp36b66+ajimZ0YYG9qXguwniu7DRC0svzBxKsRxgdzIhasHAJZ0KDOWBJM5JGtUG6XXVPKVqPUmJ+ko/wciBTddBENg8IQYVq0mpNQ/Abdz5ilJAJLNo03JHrhoGrFaNayShJHtmB8KAOLXWhKZKyBbo="},"indexValueMap":{"Lir3W/brGVdlC4TF1EXXSKFL6aFFC/Z1M8z4lL5DXyk=":{"valueMac":{"type":"Buffer","data":"JPdFsx/fvno3ssxy+kToZU38R0xMJeMGtGzVBRIVv4g="}},"M+o3pRhiK/SXgUMZgOCZL+ImpwoHwC2ARymTb//Migk=":{"valueMac":{"type":"Buffer","data":"/CG9CpLcwPM+zsNvWzPrRKmRwSFtXO1GE4+eqLoyLXA="}},"Pk6gkZBbVnuSKyqZDPL2NdCiwW8zlqgeASXAz/WIPs8=":{"valueMac":{"type":"Buffer","data":"7X21K8CZ5SBErNoGNNbIB27go/nIOJ95b0Jj9zeZm1c="}},"She51CmaCSRl1T0O/H7XxdG++j8bPIYYSzJtXR0mB8A=":{"valueMac":{"type":"Buffer","data":"rC4G5qwv0fCHuEPU3Cvx6w65LXAh/xdli6Obc8HXD88="}},"2+4C4Mi+pbgXlftbVTOun5Qk8zFbiMF35i6O+foe6TM=":{"valueMac":{"type":"Buffer","data":"vvYG2O2/e3spa55A2h58hEKPGbVBH3bms0KLe0qsrkw="}},"8NxTyGvSWWIxGtJYEC+lKdupzDQ2oN9USnXeRO+8VI8=":{"valueMac":{"type":"Buffer","data":"aeWddPRp4RX9k/fhJd3wNO7+jm24mm4Yd5yz03fX8IM="}},"+JNHgFiCevKcyFx4aKHujssKMVP35dfDDMEaaGV8vLs=":{"valueMac":{"type":"Buffer","data":"fv1Xm/Aj34l68BQjVKaivlFXcqzISpXlUr0Z2WA1g9o="}},"SQ6BJoZsjsZP7mbClhm2rpdgz5F8XDBNgIW3/0YzdvI=":{"valueMac":{"type":"Buffer","data":"F7EEZe1Nq6j6kekC77hG+j411mt7o2JHQUb0Or7vmdg="}},"MZWZQhFeMnN5XoazZiVlUlMZ0zda0L/TZCgOv0zcFK8=":{"valueMac":{"type":"Buffer","data":"W5vX4CLeaRKsXExGTjEAdDVw7R2uccNAlP76VdP2mxo="}},"UcM5A1rfzzFgxHGcjqAfwX9l2oxm6W+X6NWqm8Cdc0U=":{"valueMac":{"type":"Buffer","data":"5gOrViRS1f0wkXlepne4JQ4RUiFiX2G2/wRxEZET+p4="}},"zZRuK8RLCi+927CYs8T2NXsSNrJPjX07tDm+fV7AUjM=":{"valueMac":{"type":"Buffer","data":"TLbI0yCA/FQhQ9lV3RJPcvzay04Cabdzhw4MfXPIvcc="}},"ycSUjiQfmOiy4jP5Ck4N1y7BJAaMLaRpPyqkb5pkpU4=":{"valueMac":{"type":"Buffer","data":"VJW77yHTL8Spul68FpZHrwCNb0HelXryyBNXJgfxR/8="}},"u5P+0kYhi77HbJlH9I/SvdJcCPrR2fGBYq9BnqmY5KQ=":{"valueMac":{"type":"Buffer","data":"LzYuGkw7Dr0YXT6YOtPhYEn6zGGrcd/JT0NXtBUro/o="}},"MmhkSbdPe70FC3p+Mu9VutIs5Q8A963web1kT/7jtgM=":{"valueMac":{"type":"Buffer","data":"FcLbbVZ+eWOgTUlpaTFP082vCtK/e0O74BRpszgG7T0="}}}}