{"version":36,"hash":{"type":"Buffer","data":"YTxqCZHXII2eBuKTAU8Mq3KoU9plA7zmHo3IvyQPh/R7TNT6/+ZgRps6pcPyIX413GfPUcZNdEzeafUXvG7w9aKkeH/nSKWRurB3yrVnUycXRdcv6YLVdiYbA4wtTB5eFVG5YdXVsaOBszvbrQbZrgb3rpB73vq3UL6+y95NqL8="},"indexValueMap":{"M1l2AzQnv8rX89Y4HiFN5r6rReed6Wt47YnVrClnS2Q=":{"valueMac":{"type":"Buffer","data":"FCmdZBdLiel0ETA9gJ6qoXz2s738oqB8Qz45D+wxJ0U="}},"jHoYXbbk+QX0ENpqpvzH+0GZbJxrvvlqd/EoJ3kxKNk=":{"valueMac":{"type":"Buffer","data":"VOeTU4gJdp5ZrVWR10TM1YTO40OxfBCh4/SqeZ8dA6k="}},"687uRTqN+XVnfRgyog/D4zjs01uTR+94T/AkcvAk42Y=":{"valueMac":{"type":"Buffer","data":"bLw3qB3LkCkhUEdozHizfGoFWVKQorr2XxhK90agCDA="}},"8Y6T5gDCUTnVuVbUyKluVqpEl6AqirH+D4iIrG24EiM=":{"valueMac":{"type":"Buffer","data":"lpeao1kHJvliNNL5G7eigXznw1daw/XG8PMk7tdxrcE="}},"9gJCuMlMSv5zJSFXZK5Zfyr/OOWErdsEJ47MG0y55Tc=":{"valueMac":{"type":"Buffer","data":"qklssmfixUuyFl7YAzJiU7m+q7rGAWJEZBVkXGA9rCw="}},"AVVh867xTs3De56+VQMSVLWcZSE8NxW66hhOL8W+99s=":{"valueMac":{"type":"Buffer","data":"vVW8wyu1CT+dBFQAeGQmpkgs8UBD386p81QWFGd0Kkw="}},"1vkS7N5oVCU3pd/M912828cJRDehGDxZDfo/GK2JNH4=":{"valueMac":{"type":"Buffer","data":"BeePI4yJ9ySM/mhKx8FV+z3Aiqtk+oZEAfzaEhr349o="}},"B+yq8JZJE+WGvs6kr5miYP5s/1kBcCN7lMkj9AqvfcI=":{"valueMac":{"type":"Buffer","data":"kbVIZMZJlNneaUy55p4o4kBqEIoPc26xTj8JLF4gN5c="}},"nkWFPbCaadz+papMpzQFzzurVnnAp828MyW0CG+vg1U=":{"valueMac":{"type":"Buffer","data":"IVJ7XirkpXS1/klq6IceKfLcmpLzpSbvTcEAv5oSEIU="}},"i5Vz0BWlzzZ4xWJRaxAhzfR4a5zhT7unjIMIk+Yal9E=":{"valueMac":{"type":"Buffer","data":"RY0KcWL0xPrW3rOmRHIBxR0BPQzA/VupjVuAl+uCFi0="}},"qb92pKkUD/hMIK7CMmNn9kEpKs/8l8oP3NkjTrYtNKk=":{"valueMac":{"type":"Buffer","data":"Uv/RXeY9rQlD2AUdkD1+sZi8kuF3qw7aGyTPu44ug5w="}},"s0lw4Hs2p8A1lm+tU/ooQ0DbT57mCi5mg3oR468+RZ4=":{"valueMac":{"type":"Buffer","data":"fL6sdmAmxFwFHD9ShSaGEoknjIqdS6DoqOyR/E5LLLc="}},"dwazxN6Nnxjow42sWM+MZ44/d3aTImaaiIWjxU4JKZ8=":{"valueMac":{"type":"Buffer","data":"x9QkT3tRZsanomOYGGBNUPssdDhc6qDRyjOHwHBA4+w="}},"3pDlR7Dtu3AC+Zi3oKNlKK5VCya0p5LA9s1NveXJlmw=":{"valueMac":{"type":"Buffer","data":"NDilx9NLpzbF1kkgn0ATU6mU0DRtwuU+OtPl0czpx3E="}},"DPyRP1zYy5K5x7hcUigih2RSZtVBSiIGJY2HeBKu7Yg=":{"valueMac":{"type":"Buffer","data":"pc+O9yco0H35RiXY72f0h6TI0Q7nzN4owYunvN0OZW4="}},"qqN6fkoruCvbtFeYsRFXl3efRlPv9mwKi0XmUtDJsNk=":{"valueMac":{"type":"Buffer","data":"E+sYG6rNIJf0IK51D0fW0OaKUhNWyLRFCe8ih3MysFo="}},"6vgebOdbB5MZAmPrtyw2VjSbiYHHZGVMhb7jdJ8/hAM=":{"valueMac":{"type":"Buffer","data":"Ef/0crJIuEikcQOBYunZz33Hj8gWzGgbxSWfxOP8dLM="}},"hyRYMk0ZT4Y2DL3/ZS+yw56VdOrcsKKb8i+CkCvuv0k=":{"valueMac":{"type":"Buffer","data":"pEgGRiWCRP9IynmCAA/Md5o91P1p919VItwLfoHreyE="}},"Cw+YC+JXy+1eTP5p6dSEHi12kaVljpHY3fo+0mHHp0I=":{"valueMac":{"type":"Buffer","data":"3mW7h0S7oWvPOKcjmpP84NWSeOR8u0ouV78sh1lfxT4="}}}}