{"noiseKey":{"private":{"type":"Buffer","data":"CC0nWAy8zrdj6fW0iJIsJ6TYUE61J3V3Uwve1bHqs3g="},"public":{"type":"Buffer","data":"lrPoZmu5OQ71UTHu0JFFhUK0GEkcMWeCgPpeOivct14="}},"pairingEphemeralKeyPair":{"private":{"type":"Buffer","data":"YKTQYWBKw5zlI/huNnzxLtnjKO9/lxcmZ/8Y7V0/XGo="},"public":{"type":"Buffer","data":"nxFOolmItgHlg/5vTfltiY2508bmJu68p8Xc6eDxbX4="}},"signedIdentityKey":{"private":{"type":"Buffer","data":"AEFMG/02nI8cB2ha+4oZdRVCFC9miKYVHNHNShGORl0="},"public":{"type":"Buffer","data":"a+qsWlPyXRKK136+80wVLZ9Tf4+ztPV1MpGpePVo5SI="}},"signedPreKey":{"keyPair":{"private":{"type":"Buffer","data":"ULhO0RkTNhkeKTPOLzGAQ/1wSybDEX+fsRKTXzYdCF0="},"public":{"type":"Buffer","data":"DsJrUfgiNqDMEnBGFI/ejKT8dIfEb2Ljng9lxo++FxY="}},"signature":{"type":"Buffer","data":"CzlpKGeiOejAX2PfSApUK1FiKhQr2b7KFuCl8qmoi17zaHlIDvLqaRaJA2aGyaNRLWbGRbOr+avJmrbBeflHBw=="},"keyId":1},"registrationId":41,"advSecretKey":"6KdsCk54BwIucildcmGwZ5EgYAnivssAHPRwwBOkp9s=","processedHistoryMessages":[{"key":{"remoteJid":"6287782171415@s.whatsapp.net","fromMe":true,"id":"C7191708D3FCC81DF1F764B8037A45EB"},"messageTimestamp":1752424845},{"key":{"remoteJid":"6287782171415@s.whatsapp.net","fromMe":true,"id":"480BD257543C6F8862E7A28FBFF754BC"},"messageTimestamp":1752424884},{"key":{"remoteJid":"6287782171415@s.whatsapp.net","fromMe":true,"id":"4784B78C8DB362CBB9A53AC90529A474"},"messageTimestamp":1752424888},{"key":{"remoteJid":"6287782171415@s.whatsapp.net","fromMe":true,"id":"D6B81FDECD6E64FAEB915BF1E0FEE6FA"},"messageTimestamp":1752424892}],"nextPreKeyId":53,"firstUnuploadedPreKeyId":53,"accountSyncCounter":1,"accountSettings":{"unarchiveChats":false},"registered":true,"pairingCode":"W5NDDYCR","me":{"id":"6287782171415:27@s.whatsapp.net","lid":"265343666806790:27@lid","name":"L"},"account":{"details":"CO7fvaUDEIbDz8MGGAUgACgA","accountSignatureKey":"XPokJI+y9D/sWe3w4NT6hRNDHFgmfGkk0ohRPgPz8Hg=","accountSignature":"OVe+GSTt16ghRqSJfRrFPCiLnmWRlx6RS5lSZP4CZz5C8kbDVO7xRRWla9A9NU0uBa2AoENN1zb1+PGYjrJpBA==","deviceSignature":"HZE3huThrGYsrAFoJU5/0BVd8UpnLU6iEDlIlk83aESzS++R/Vc56oIIfGVYKUzppwqqP7YH8xyw4KrZFu5uBA=="},"signalIdentities":[{"identifier":{"name":"6287782171415:27@s.whatsapp.net","deviceId":0},"identifierKey":{"type":"Buffer","data":"BVz6JCSPsvQ/7Fnt8ODU+oUTQxxYJnxpJNKIUT4D8/B4"}}],"platform":"android","routingInfo":{"type":"Buffer","data":"CAgIBQ=="},"lastAccountSyncTimestamp":1752822134,"myAppStateKeyId":"AAAAADLH","lastPropHash":"1K4hH4"}