[{"senderKeyId":644772862,"senderChainKey":{"iteration":0,"seed":"SQgIwONxxWBYxj7Gqc3fdtAFpBBlsLshU5sGoDaSNZc="},"senderSigningKey":{"public":"BWD5mZQO36vEGyaOykiUTUDyI48/DD29DwZQ+TOQ7KUS"}},{"senderKeyId":796507929,"senderChainKey":{"iteration":3,"seed":"GdYVXqGZJE27OKd2VTykOLLwZi6XP4Ud77p1vmQGttk="},"senderSigningKey":{"public":"BcRYvxhJz5+iS6hNJM1Luzug5xwM1d9ctXP6mOqY4Hxf"}},{"senderKeyId":1538677415,"senderChainKey":{"iteration":4,"seed":"QS0bEvaXQxCv8KOuHfbPGV0sPST39uzXow25GJW+qbM="},"senderSigningKey":{"public":"BZ+SM0v2GQiPh8suiH3CkpQk3QOZD4jw//vpxMx4Nqp0"}}]