{"_sessions":{"BXK1xh6ZZ1Lhmacc/jr60JmLnreYP97vy7Vl0KR0qEVt":{"registrationId":616614751,"currentRatchet":{"ephemeralKeyPair":{"pubKey":"BZw320mBIc3o5r9Bmm7nAI/LOVdm/xRgfGsiM1VOVsBi","privKey":"oDQvM5Zme857OionjIKIB4x0aRIELxJSmDwcqhoClWY="},"lastRemoteEphemeralKey":"BQH1TRKDx0d3TZ1UsY+sTCNNm5e8csXBXcbrNRqRgqFQ","previousCounter":0,"rootKey":"0bLkTcEZQ6cbscFmVUNyQgIbXkz09A6V9PSPmxDErmU="},"indexInfo":{"baseKey":"BXK1xh6ZZ1Lhmacc/jr60JmLnreYP97vy7Vl0KR0qEVt","baseKeyType":2,"closed":-1,"used":1752822262543,"created":1752424844285,"remoteIdentityKey":"BVz6JCSPsvQ/7Fnt8ODU+oUTQxxYJnxpJNKIUT4D8/B4"},"_chains":{"BXAPVhjnAMI+sonVCVm0uNWZfEoJSv9mR9v2zmYJGUEf":{"chainKey":{"counter":6},"chainType":2,"messageKeys":{}},"BeY4n9qonKjP7DhOjkU5k/TVxc6SzXgA6Fw98xOU3stS":{"chainKey":{"counter":11},"chainType":2,"messageKeys":{}},"BSKPwIHyYBxoByJBUUUbqgDNblNxssuxFEZUly73A9ZN":{"chainKey":{"counter":2},"chainType":2,"messageKeys":{}},"BapgIW9O1FLTQgLyzzRTO80tE9+jzkqY5e/T5o0w2oU+":{"chainKey":{"counter":0},"chainType":2,"messageKeys":{}},"BauiP76IwghUceBQ2SrS5JUuvFZ9DzRo7HloWhdpbOEX":{"chainKey":{"counter":0},"chainType":2,"messageKeys":{}},"BQtoMZl3iXhOWUYpOI8ancCTpUcP1jPUGjgsJeYHPM8k":{"chainKey":{"counter":0},"chainType":2,"messageKeys":{}},"BaKE+Ee8BnYa0x3tLm85cnviiVjpRhoZ2xCV4l/iPW12":{"chainKey":{"counter":2},"chainType":2,"messageKeys":{}},"BSQPhWJ+/UhL7KpCu1IXFd+RCrxtAAStZbHX4qU5fusn":{"chainKey":{"counter":1},"chainType":2,"messageKeys":{}},"BaH1G88QDg9Z1pzAhnGzAUwf7cfoPm3fgdht2MmsgZ8/":{"chainKey":{"counter":1},"chainType":2,"messageKeys":{}},"BddX9rEdlR0ZQp23bw5A1kDQk47/EEQbwLEaShaKCnFz":{"chainKey":{"counter":0},"chainType":2,"messageKeys":{}},"BXvDCH170NOOGYWiSMU8p0YqAHfCguiFs1NWC7OD3t1l":{"chainKey":{"counter":0},"chainType":2,"messageKeys":{}},"BSsEQaCfknxJaSnTZ+w056OROyQoU+xnG1ia2ql6inwZ":{"chainKey":{"counter":1},"chainType":2,"messageKeys":{}},"Ba+2Kimnf24Ji2XMZlkyujwYCtgms9QpQ40oA6IrOOMv":{"chainKey":{"counter":0},"chainType":2,"messageKeys":{}},"Baapactw5AdMpckel4bWo3m2DBrIXMsvL8ypZxf4aOou":{"chainKey":{"counter":0},"chainType":2,"messageKeys":{}},"BReN2hJwQllyzcbDf6n6g5LupFs26zNvTVudfe8cFQNC":{"chainKey":{"counter":0},"chainType":2,"messageKeys":{}},"BcclpkfCgu2XBtWNbTcv/Q1if1UzmrzpkA7ZDhKDepYs":{"chainKey":{"counter":0},"chainType":2,"messageKeys":{}},"BdbcUXKNuGm5oGEdbratMlolaUfSGm9UohGHY2N9inQE":{"chainKey":{"counter":15},"chainType":2,"messageKeys":{}},"Ba5YUKhwofgQ2GnLYWWUkWTcThO+VexootE3cn0/X+wW":{"chainKey":{"counter":0},"chainType":2,"messageKeys":{}},"BYwcmBsxS5NcgI1SblbCzXD1ScNcinT2ERLra8MCHqkM":{"chainKey":{"counter":3},"chainType":2,"messageKeys":{"2":"9rbKPltT+PTNt9R0FgePcBdvkw1G2yHBJ+WWkqklebw="}},"BT2pzTNR4nlxPXIEZAIKYMmpAoCLhQPzwiwt8ekVaok7":{"chainKey":{"counter":2},"chainType":2,"messageKeys":{}},"Bfe3uz3DHrjE8O9UjQzPXvKMmFb1X5y4nNy0IBT0U1UE":{"chainKey":{"counter":0},"chainType":2,"messageKeys":{}},"Bfv+N0duPuxA4GBv9TZg0t/bKVv5EOOTj+Fc829+60Jf":{"chainKey":{"counter":1},"chainType":2,"messageKeys":{}},"BXvXvG55cot88BVJ1+C/N4tARwMS8i/hdv9r//pXOCxn":{"chainKey":{"counter":94},"chainType":2,"messageKeys":{"35":"fW1aTKplASkD4pDR6v5XFlFgIVUNntYl9xIVbAtfXuk=","53":"tHmM6ueMZ3tL92vsbnxNBtSpUtuCtny98TdkoO1orEg="}},"BUN5kWNHAzH6RNtfl+nCkk8+cP541rK4tD/u794r5bJs":{"chainKey":{"counter":7},"chainType":2,"messageKeys":{"1":"FxnzEsU71WbigWa0o9mnlQBwLBGQ0M1bPkS6+dO8uP0=","2":"Mtf60ASHB3gOj/LYi5gVQ/vNvGawPH3NZEsLymN/+E8=","3":"s/nAFYCd+ioaPeEss9Y1DBG+qceE294UZsJIiXlBdAw=","4":"YLBBLDoa5CfV9ROhpbbpUV08vzJqfIZamStFU7rvY/4="}},"BeC8gDqyms765TS3Ghis4hYH8JWJZQx5QOoUIpFDbQpi":{"chainKey":{"counter":0},"chainType":2,"messageKeys":{}},"BbJSfDlL/mDvQ7pw/IihCzCzYUjVCDY17noD+jPw7phX":{"chainKey":{"counter":1},"chainType":2,"messageKeys":{}},"Bf/D5yqlV8gD8+bo7EnheFC5S7fBZgOrMGowN1//TzFX":{"chainKey":{"counter":0},"chainType":2,"messageKeys":{}},"BU6fn16H8QUDB1VIwiYxIlXMwGJQOHGknUf7w9KlzHRN":{"chainKey":{"counter":1},"chainType":2,"messageKeys":{}},"BQI4+RCiyP6peYSsp+n4gOCrH07wDRBKKNKv5du6lMA8":{"chainKey":{"counter":0},"chainType":2,"messageKeys":{}},"BeeTlBL0ImCG9ZWmViSrxru0SOUcolgJwHL7ODJTz6IL":{"chainKey":{"counter":0},"chainType":2,"messageKeys":{}},"BWqGqBQsSsQ957tAvXkaBKu62lOG3qjHGvceOG0jYuBk":{"chainKey":{"counter":0},"chainType":2,"messageKeys":{}},"Bcm5zwl0C4FHHQqsoNZJChMyWLWAgzPkssVYOQuxiXsg":{"chainKey":{"counter":0},"chainType":2,"messageKeys":{}},"BSrBCOad/+JRK3QqDDYHZZptY5uqeUuRGJyAFXtksxFX":{"chainKey":{"counter":0},"chainType":2,"messageKeys":{}},"BZLYMNwvkzCwp4OEmJVgEmS3n++sVz0XgJNZsp9a6Zoc":{"chainKey":{"counter":0},"chainType":2,"messageKeys":{}},"BQl9upI4kTo0SOGzjqc7W1ORl1vyoaZyDK3yyfmTWBkl":{"chainKey":{"counter":0},"chainType":2,"messageKeys":{}},"BQH1TRKDx0d3TZ1UsY+sTCNNm5e8csXBXcbrNRqRgqFQ":{"chainKey":{"counter":0,"key":"5FtvqrpBPkrzT9F9iXGJauK/NDKyAgY1AT/q8oTK/7s="},"chainType":2,"messageKeys":{}},"BZw320mBIc3o5r9Bmm7nAI/LOVdm/xRgfGsiM1VOVsBi":{"chainKey":{"counter":0,"key":"Mfl+fGEVTfoHZvXRoVydqpO0DLJODmtUm9TrNISB5eM="},"chainType":1,"messageKeys":{}}}}},"version":"v1"}