{"_sessions":{"BWp/OyhAzKhzb5RBEycgWs43LVS9zaeZGxKOGPfwJtcR":{"registrationId":51782796,"currentRatchet":{"ephemeralKeyPair":{"pubKey":"BVKSWsnfrLFjJk0f8Oai0Nt2p8nBP/VYzdYgg1y2br4B","privKey":"4LamYWBmFEVUxBxYE3LbHjcT2dW5ZefR7Br80y+hUHA="},"lastRemoteEphemeralKey":"BUV25DZiNe7WyIHfJ1/Hw+xJHILfrukP6enpKbQ244Bj","previousCounter":0,"rootKey":"IlN3UAZTZzpZP+k+jemM/HIVBpjmZvHmx0XnzzYC/ls="},"indexInfo":{"baseKey":"BWp/OyhAzKhzb5RBEycgWs43LVS9zaeZGxKOGPfwJtcR","baseKeyType":1,"closed":-1,"used":1752472864831,"created":1752472864831,"remoteIdentityKey":"Bb/9TGbw5LmMTSBNQoOiTCAhGtgRRmpTCqf7OxZ6/BgL"},"_chains":{"BVKSWsnfrLFjJk0f8Oai0Nt2p8nBP/VYzdYgg1y2br4B":{"chainKey":{"counter":4,"key":"cvcWaeRUBQbVUvFvjrhr7RViN5hYZFu2Gl4g306XP6s="},"chainType":1,"messageKeys":{}}},"pendingPreKey":{"signedKeyId":1451148,"baseKey":"BWp/OyhAzKhzb5RBEycgWs43LVS9zaeZGxKOGPfwJtcR"}}},"version":"v1"}