{"_sessions":{"BYnO2Dp9LA0Cr7bmc9uzmsAvlcenMn4HHzKo9pHtlR9o":{"registrationId":1106920198,"currentRatchet":{"ephemeralKeyPair":{"pubKey":"BcKsHhAPSbbBELE1/WmjRgYVQvseBINfCSM75QKjh7lI","privKey":"CBpFJH82McaDYHm7XgWphsx17QVik//788w6QfX7X0w="},"lastRemoteEphemeralKey":"BcrSR2R+WE7Dm+pR0CAp626rm/fFBduSrZSqlFyOplwS","previousCounter":0,"rootKey":"+JZSDU00w5yMb2UtNc9AMDox5MLKEUmyeGxDQK7up3Q="},"indexInfo":{"baseKey":"BYnO2Dp9LA0Cr7bmc9uzmsAvlcenMn4HHzKo9pHtlR9o","baseKeyType":1,"closed":-1,"used":1752825205537,"created":1752825205537,"remoteIdentityKey":"BUifkM2r+1r/ssXUd33k4tMESlUQNheCQ8ju6IYCxagV"},"_chains":{"BcKsHhAPSbbBELE1/WmjRgYVQvseBINfCSM75QKjh7lI":{"chainKey":{"counter":0,"key":"e5yo1yPesUCnbNXonvHRuPykBysVKYYjTPbK+SyKZno="},"chainType":1,"messageKeys":{}}},"pendingPreKey":{"signedKeyId":0,"baseKey":"BYnO2Dp9LA0Cr7bmc9uzmsAvlcenMn4HHzKo9pHtlR9o","preKeyId":14807059}}},"version":"v1"}