{"_sessions":{"Bfe+G4pCa/X+sRqc4pbnW6BtwugMDS0pZSLMBuc7hYxH":{"registrationId":39,"currentRatchet":{"ephemeralKeyPair":{"pubKey":"BeYGgfq3amRctmz9vw7pR/68NibncRAHQoayv3vWqTRE","privKey":"eMfCk4J/NNi+9tG0exY/jidLfReKUe2bPf0Rwsh5fn4="},"lastRemoteEphemeralKey":"BUWV7xbnfNUnYhHlxMKzPMndlLMRRSZW6N3tq5JmK+9h","previousCounter":0,"rootKey":"cPoA7oFmHevhE7s16pEnVi6ofLy4jMAwPtgjwwPgJ2c="},"indexInfo":{"baseKey":"Bfe+G4pCa/X+sRqc4pbnW6BtwugMDS0pZSLMBuc7hYxH","baseKeyType":1,"closed":-1,"used":1752424869520,"created":1752424869520,"remoteIdentityKey":"BfVSzR+plrHpNgxzPNe513OYKmoOl7FpuUAKMbNrQKAA"},"_chains":{"BeYGgfq3amRctmz9vw7pR/68NibncRAHQoayv3vWqTRE":{"chainKey":{"counter":16,"key":"+k8KxSPCvR9teedS1xo0U77E+yez0rkSDbAC1f8vDdQ="},"chainType":1,"messageKeys":{}}},"pendingPreKey":{"signedKeyId":1,"baseKey":"Bfe+G4pCa/X+sRqc4pbnW6BtwugMDS0pZSLMBuc7hYxH","preKeyId":9}}},"version":"v1"}