{"_sessions":{"BR+0u/NKl2QqKdicl8YzBY0PDpDbko+zwfp3tKUmKeEk":{"registrationId":81,"currentRatchet":{"ephemeralKeyPair":{"pubKey":"BYUzCNmL6kmJ6aOxowKvAbGe8GUHFjyf4mhPLman471S","privKey":"IG99fn9oilc/RRlEOb84mkRoQfQMncNTUxTQJAyViVQ="},"lastRemoteEphemeralKey":"BYPZkwLI7FdD5JJqNAjFuIRp5DTpyVgN6Leiho/Xoho3","previousCounter":0,"rootKey":"JZCX7dNzvA2NhBoTnCHBZ08STTC1YUhSCraSg3WFTlg="},"indexInfo":{"baseKey":"BR+0u/NKl2QqKdicl8YzBY0PDpDbko+zwfp3tKUmKeEk","baseKeyType":1,"closed":-1,"used":1752424869530,"created":1752424869530,"remoteIdentityKey":"BTxbl+RAJ6CcI1lzfEzsslOsjKQG7DCjr+JO9yD9C68g"},"_chains":{"BYUzCNmL6kmJ6aOxowKvAbGe8GUHFjyf4mhPLman471S":{"chainKey":{"counter":16,"key":"yJgFMEqInSrRNhm11fJFLjF2uSxZ2AIs7H8GiO4HAwQ="},"chainType":1,"messageKeys":{}}},"pendingPreKey":{"signedKeyId":1,"baseKey":"BR+0u/NKl2QqKdicl8YzBY0PDpDbko+zwfp3tKUmKeEk","preKeyId":29}}},"version":"v1"}