{"_sessions":{"BaNQuYJ40bwcJKmnKS6/drjBjlmNOMZLpMm3lwkkIcok":{"registrationId":210,"currentRatchet":{"ephemeralKeyPair":{"pubKey":"BUARDMxQOS3n61dAuI8KKkCu0L9wWfPvVeneQSeXXt17","privKey":"6E46I342F8GSUJNryKN34qx3TuAHSomd+/w31khdDVs="},"lastRemoteEphemeralKey":"BfrIFoqEA7Ei+qyz671LWD2bjgQ/M/QHFBnJOHV9f0sV","previousCounter":0,"rootKey":"/RtPOZsZQuUyDqAC8e4/NS8/57vffJwDqbzVgBvHEEs="},"indexInfo":{"baseKey":"BaNQuYJ40bwcJKmnKS6/drjBjlmNOMZLpMm3lwkkIcok","baseKeyType":1,"closed":-1,"used":1752424869509,"created":1752424869509,"remoteIdentityKey":"BdUkfV1NkePB6fQAq9A4EhCqksx1z27bI6eX6y3vFTgi"},"_chains":{"BUARDMxQOS3n61dAuI8KKkCu0L9wWfPvVeneQSeXXt17":{"chainKey":{"counter":16,"key":"2bPVBxkgSvtcZ+b7kcgQxOmYR/TzBB5fljXBQvnNbmY="},"chainType":1,"messageKeys":{}}},"pendingPreKey":{"signedKeyId":1,"baseKey":"BaNQuYJ40bwcJKmnKS6/drjBjlmNOMZLpMm3lwkkIcok","preKeyId":17}}},"version":"v1"}