{"_sessions":{"BZv+uUnjd1USRIul4ZkXYKUU4i0pivnOtejmb7oOKlB5":{"registrationId":363624005,"currentRatchet":{"ephemeralKeyPair":{"pubKey":"BSgg+Ic1sBi5lfhgqeet/jAMFlpwS4IEvwGzcevYrFQB","privKey":"kFkB8kMrEGCGxLXJBOAbvRbhfv3jCy4Ngy3qbLsKiXU="},"lastRemoteEphemeralKey":"BSkcA2mNeUF4SJrGdn9rLoCXaHmqkONkocd/VV9fbE1U","previousCounter":0,"rootKey":"Yn5sFOKcm7uaA9mLRvgIBuZvD0EpOEoOOr42Sl9nOJo="},"indexInfo":{"baseKey":"BZv+uUnjd1USRIul4ZkXYKUU4i0pivnOtejmb7oOKlB5","baseKeyType":1,"closed":-1,"used":1752825205546,"created":1752825205546,"remoteIdentityKey":"BcUfW7HUNBQeousfhDXHc66OyIZ51vRxTfTh84yDEVoc"},"_chains":{"BSgg+Ic1sBi5lfhgqeet/jAMFlpwS4IEvwGzcevYrFQB":{"chainKey":{"counter":0,"key":"oFXWjdaUkKUFSF8vVJy0u8TW+/qaG896+2drqnxpSKc="},"chainType":1,"messageKeys":{}}},"pendingPreKey":{"signedKeyId":2,"baseKey":"BZv+uUnjd1USRIul4ZkXYKUU4i0pivnOtejmb7oOKlB5","preKeyId":3762687}}},"version":"v1"}