{"_sessions":{"BfcTkZyvrd4bCBRfiiC+/knBNulqXDA4q58yEc+iNewv":{"registrationId":214941950,"currentRatchet":{"ephemeralKeyPair":{"pubKey":"BSJMkhVnAANBKqrQxzvlM6AhbszYpkIEwpegphiB58JR","privKey":"SCXwfEOauzwjcD7UAtfV6ir5PytbFU6AXRYp6CE4+nY="},"lastRemoteEphemeralKey":"BbuVCZeNjEvpblSvdszxMx2pkAKSzT6D12ktn2BphvNw","previousCounter":0,"rootKey":"YQw6ChcioSew0tnDAvycMIEq3FJcF+ZxuGOcUAqhXdY="},"indexInfo":{"baseKey":"BfcTkZyvrd4bCBRfiiC+/knBNulqXDA4q58yEc+iNewv","baseKeyType":2,"closed":-1,"used":1752822182823,"created":1752822182823,"remoteIdentityKey":"BQouFAGGRC6/UlUpJh9OtspdLAI/8/1D6H7qrrkiUJ0R"},"_chains":{"BbuVCZeNjEvpblSvdszxMx2pkAKSzT6D12ktn2BphvNw":{"chainKey":{"counter":0,"key":"7arllBvLWEM17XxjdjIZhRy2eFItMXcKeuzOhd9wEQ0="},"chainType":2,"messageKeys":{}},"BSJMkhVnAANBKqrQxzvlM6AhbszYpkIEwpegphiB58JR":{"chainKey":{"counter":-1,"key":"r0pemDODFZh9ascjWEb9SUU+73ZbZlN9/3JCJysjNqo="},"chainType":1,"messageKeys":{}}}}},"version":"v1"}