{"_sessions":{"BWi7NXJ6pTBNoFz0hrXxBk+qRDDG5Gl3KuOMCL6PF4ZL":{"registrationId":2077428529,"currentRatchet":{"ephemeralKeyPair":{"pubKey":"BaHtvUIfmlyIGLzoiBoI2ebEskdlytVLm3TDTZTHaJwJ","privKey":"0JiD+cpn2gXQHkhs+6JnL5w/9IhtYa++CzVdLhkiInA="},"lastRemoteEphemeralKey":"BZmb98uCraepbnBecOKjMovh3EqhN299xtDAVUGqCOUe","previousCounter":0,"rootKey":"ejZECS/cpb5aqcmIQgXWTYsOuU+cSmeacohmt2Y/ojg="},"indexInfo":{"baseKey":"BWi7NXJ6pTBNoFz0hrXxBk+qRDDG5Gl3KuOMCL6PF4ZL","baseKeyType":1,"closed":-1,"used":1752825205550,"created":1752825205550,"remoteIdentityKey":"BW0FLr4taLUaKMW4QjGMBn89qCMCU8YTdh/4A9aVEdYs"},"_chains":{"BaHtvUIfmlyIGLzoiBoI2ebEskdlytVLm3TDTZTHaJwJ":{"chainKey":{"counter":0,"key":"3QC4MSfcCSdeugPZimpxjSCOT/mVjGTDBPqIGHxsZYo="},"chainType":1,"messageKeys":{}}},"pendingPreKey":{"signedKeyId":7,"baseKey":"BWi7NXJ6pTBNoFz0hrXxBk+qRDDG5Gl3KuOMCL6PF4ZL","preKeyId":664115}}},"version":"v1"}