{"_sessions":{"BTfdnDQUzO2N0RX27eoYwQUvl7CXHmIowr1nodykXOQA":{"registrationId":454176134,"currentRatchet":{"ephemeralKeyPair":{"pubKey":"BcTnxg//IAjvbgDegYRQuxFRkkdue22wtFhTZMHeTBQm","privKey":"wJ/JCrzxEAU4GqlSXjop5Qx8D4p5rxAWgKvCETBh914="},"lastRemoteEphemeralKey":"Bd8JVbLt41taIYqi7zexlKUTpEvntH06yu9KiodZFaJG","previousCounter":0,"rootKey":"eLtZMs0v5kJsnZCjZeekzl1oLBun0l5wjZ81x0X4RvE="},"indexInfo":{"baseKey":"BTfdnDQUzO2N0RX27eoYwQUvl7CXHmIowr1nodykXOQA","baseKeyType":1,"closed":-1,"used":1752822212391,"created":1752424869540,"remoteIdentityKey":"BfDGEtn93ym+MXwabysZYqx4BgCRxDKhbBKb3YjrFS9H"},"_chains":{"BS8t3rpIPFlkcnjBhh6jr2Ud+lp24aiUbf1gv7kKYtMu":{"chainKey":{"counter":2},"chainType":2,"messageKeys":{}},"BRc2X9M+Rzra8fsJjj1es7HotiShwWeMKofQAsTFO+xt":{"chainKey":{"counter":2},"chainType":2,"messageKeys":{}},"BXHEq3rOjjwEQA4j/FcPWpQ3co0L4E/tEmc2ULwUQC0O":{"chainKey":{"counter":1},"chainType":2,"messageKeys":{}},"Bd32HAAFJZIzRzC2Ave7I+MyZbu82OGf7nP02S4chkBe":{"chainKey":{"counter":3},"chainType":2,"messageKeys":{}},"BXj5i7YZib92UKA0k4nvOfnOVRbtHUCpa7kUZ2R3ClRf":{"chainKey":{"counter":1},"chainType":2,"messageKeys":{}},"BRXoSlJ6iF2EGbzJ1WZ+00okvHKjXwhQHGVP5K36G+5+":{"chainKey":{"counter":0},"chainType":2,"messageKeys":{}},"BSfwIxZe8hDhQN4wwpqXQ5xIel109vyqzoa0ZFkLnwQZ":{"chainKey":{"counter":0},"chainType":2,"messageKeys":{}},"BXgTNKwjGmUfZ/fqYyayjzHpm7nIHYg5jxzQobtPGrFi":{"chainKey":{"counter":0},"chainType":2,"messageKeys":{}},"BbYxx2sM30C9pHuhUssmEO0FihAo5PhNvWogb0UANmk9":{"chainKey":{"counter":5},"chainType":2,"messageKeys":{}},"BVj9FmUilS+/VfGVUUYuH01u1a42ff1Kn4Xe1aSXNgQN":{"chainKey":{"counter":123},"chainType":2,"messageKeys":{"25":"VqHqfvFj7SxeGvFBSwugYUskcqvRc7uKYq479m5Lpd0=","34":"fO+R3dyN6Zv+90iaGZEcSYNqLyMe43Xu/BBG/qfiCB0=","36":"tsQ/Q0KyqiNm8N/To+mFXBlu0ftA5IDt9ZLbTVu55Yk=","49":"7YM1Rz1G2hEvGtwCC2u4XYyORVdsUhm5gjZOByZnXyw=","52":"tGLYzqPFST81WiN9tL5NUeHCyqNjgS7zHl1oEhQempc=","99":"yPYyYd01FOgDu6cXmw7DRKqJ4dzkOMLAms81CcLxrZQ=","110":"qgIj+mkHQjG5qQ7oxREfh/aB4iKv14SXrEqkAlMdyiw=","114":"qC0gfW9IKr3PDkwEzMBOGBkgtD/75/Kv/bYxhAjXvKc="}},"BYYTQ4wecuZmzXBy8AtHI6iZOuTgFS0zSPwv7eIwEUsh":{"chainKey":{"counter":0},"chainType":2,"messageKeys":{}},"Bd8JVbLt41taIYqi7zexlKUTpEvntH06yu9KiodZFaJG":{"chainKey":{"counter":0,"key":"ewby8rW83E20YTOkxsRRRfz9ba1DaTdOES87PfHcbBI="},"chainType":2,"messageKeys":{}},"BcTnxg//IAjvbgDegYRQuxFRkkdue22wtFhTZMHeTBQm":{"chainKey":{"counter":-1,"key":"XuFy32XQZ3AzKVU2NOL2LNESID1AQHUyI/d/1Eg1g6Y="},"chainType":1,"messageKeys":{}}}}},"version":"v1"}