{"_sessions":{"Bd3ukScSMvENoxmMNhWZ5JyZGg53Ul3mrdzSBEM545d4":{"registrationId":231651130,"currentRatchet":{"ephemeralKeyPair":{"pubKey":"BWG3S1Eh/hC7SldFkq+0Uy/lCmwGBsZC+d48KLV/eU5X","privKey":"YKOYmNpesxY2Mrj79SlX2Db+9xEe0JShez9wLzPZxkE="},"lastRemoteEphemeralKey":"BcsbbqA726VA2013M1lutLa7BbyB6QqZvfc7KU7qf2AM","previousCounter":0,"rootKey":"s8HIhO0X9XzALK3Dw9n397VxtTi/kWAHPfk37YP99kQ="},"indexInfo":{"baseKey":"Bd3ukScSMvENoxmMNhWZ5JyZGg53Ul3mrdzSBEM545d4","baseKeyType":2,"closed":-1,"used":1752825200610,"created":1752825200610,"remoteIdentityKey":"BYTucC5bicPNUEq05zzS+eW6W3f29PYqpSXJSbexjwA3"},"_chains":{"BcsbbqA726VA2013M1lutLa7BbyB6QqZvfc7KU7qf2AM":{"chainKey":{"counter":0,"key":"SpNwVP1SlkkhmwHmeErytZ2vti0E4X0WxgYxiX523lc="},"chainType":2,"messageKeys":{}},"BWG3S1Eh/hC7SldFkq+0Uy/lCmwGBsZC+d48KLV/eU5X":{"chainKey":{"counter":0,"key":"ko0CZaNPj9v699+6iuBCKW6leKQgDn4xVoELF6Q4/4I="},"chainType":1,"messageKeys":{}}}}},"version":"v1"}