{"_sessions":{"BbJVIti4kUvLTjW3RHnz1/em9+78R8yRZmwZlrSkR1x2":{"registrationId":123,"currentRatchet":{"ephemeralKeyPair":{"pubKey":"BYbh4uHbnKbHbp9aauSuTOcQ9qAReisRerwvEaaOMJAS","privKey":"wBm2JSfEvrCAyXVEE5HV18ORdNOg9awt2hoElrIkS10="},"lastRemoteEphemeralKey":"BZ0bXNUI5+N51R6XaaldcnSs2RYjUwMDADoOMdK/DiBz","previousCounter":0,"rootKey":"2+v+6orv8ZfjklaVne5f7uCYQO2k3TEUqwg7Oc90vWA="},"indexInfo":{"baseKey":"BbJVIti4kUvLTjW3RHnz1/em9+78R8yRZmwZlrSkR1x2","baseKeyType":2,"closed":-1,"used":1752822143220,"created":1752822143220,"remoteIdentityKey":"BZmJTO4Dy0pMAKK3Fc0kvA7aQMC7MXQ7XeHprmKgAdld"},"_chains":{"BZ0bXNUI5+N51R6XaaldcnSs2RYjUwMDADoOMdK/DiBz":{"chainKey":{"counter":89,"key":"anR/VshZilHowWyah2WTlrSyF2qItd3PMSVm4/RkFXY="},"chainType":2,"messageKeys":{}},"BYbh4uHbnKbHbp9aauSuTOcQ9qAReisRerwvEaaOMJAS":{"chainKey":{"counter":11,"key":"CDzjP2NgFz2sIikockTlyxxl3e5onLnFVlPhEv2OCIQ="},"chainType":1,"messageKeys":{}}}}},"version":"v1"}