{"_sessions":{"Bf5+mzwBApo6IPzziCuyU/dZQtUmYpo4ZMtqDK0J66c/":{"registrationId":1475172291,"currentRatchet":{"ephemeralKeyPair":{"pubKey":"BV/+suOESjYzT6xGs7iF5gZvwnkozyoJswWV8KpgyPJ1","privKey":"mPt5qDT9iRYFDcLdmCzDDObwdqwk0fJhyJJWjNmuVEw="},"lastRemoteEphemeralKey":"BWTsKjsRdEJNKtGyZXJwNqyHG1DPwyokOYOeKApFuEQz","previousCounter":0,"rootKey":"O8e9e2cpQwNJV7WRziQNGUGy82zsRzFk6w/ABrKyu8s="},"indexInfo":{"baseKey":"Bf5+mzwBApo6IPzziCuyU/dZQtUmYpo4ZMtqDK0J66c/","baseKeyType":1,"closed":-1,"used":1752825205542,"created":1752825205542,"remoteIdentityKey":"BaYfnSicF+cZ5yPSjoNH+RUgrThAI9II/ErIzh1MFm45"},"_chains":{"BV/+suOESjYzT6xGs7iF5gZvwnkozyoJswWV8KpgyPJ1":{"chainKey":{"counter":0,"key":"29dENKj8ppFjoYj9FAK8SP2Exvw9p1sz6I+VJDXm/3c="},"chainType":1,"messageKeys":{}}},"pendingPreKey":{"signedKeyId":0,"baseKey":"Bf5+mzwBApo6IPzziCuyU/dZQtUmYpo4ZMtqDK0J66c/","preKeyId":3858494}}},"version":"v1"}