{"_sessions":{"BeHt2+b8FPX3hEl7z6myMX98ZZQDUXb/hNnqbknw3cQC":{"registrationId":926442001,"currentRatchet":{"ephemeralKeyPair":{"pubKey":"Bdtn8RVr6/7rVdidqZdSz5rTczOr9/9v34rca0pTZLAS","privKey":"uF/Wgf7U9gOcZE5l6A2FbmX0q7rVPNlVzm75gg56KVU="},"lastRemoteEphemeralKey":"BfDLgsqBDoIWdl98rSgCYz7X6SKcM1Hhm/hSuvKYVIk4","previousCounter":0,"rootKey":"+LhfyVkqj+w5LLNaE0jizATCAqT8+0KLdTmoamJ9ryg="},"indexInfo":{"baseKey":"BeHt2+b8FPX3hEl7z6myMX98ZZQDUXb/hNnqbknw3cQC","baseKeyType":2,"closed":-1,"used":1752822185903,"created":1752822185903,"remoteIdentityKey":"BcAd19u8zUEdeoSJOBqM54PsUoyGQJBR3W+imYZCdDIO"},"_chains":{"BfDLgsqBDoIWdl98rSgCYz7X6SKcM1Hhm/hSuvKYVIk4":{"chainKey":{"counter":0,"key":"b+9iePNtMT3A2PbRGIH2FJ8fIdS8T4P/U1RMad1fXRM="},"chainType":2,"messageKeys":{}},"Bdtn8RVr6/7rVdidqZdSz5rTczOr9/9v34rca0pTZLAS":{"chainKey":{"counter":-1,"key":"dV2tCjcqKXTUrDCwpoPK4+QZRYYvkUTEQRjzjeFslig="},"chainType":1,"messageKeys":{}}}}},"version":"v1"}