{"version":18,"hash":{"type":"Buffer","data":"Zdo21a5pnXXIEHEC8VbUOz5RYIZTezsDQa9G8dulInB+ovrKelOZPRWU7TdWo9zuRsDtlGDWdJwnJeeNBLsiyA9zaeWPMQjbncenBvmcQgZgn8rAmnmONge2m/uHqdjzAJiZ1MMKR/iHZt+7CrQV5xd6ttZNJS4Pf8NHyddg/jY="},"indexValueMap":{"Cse4rJDYF6yEwGtc+NEL0YRBwmf99LB3Axfr8vmE5TQ=":{"valueMac":{"type":"Buffer","data":"oCBEuzAs3Ptpi+sxDhj8xeUtVzMRKjAi6yg194lY3Xs="}},"TjWRmbx0pHSKGRLt31rpmP1JD5x3/rcVznvlVrfwnfY=":{"valueMac":{"type":"Buffer","data":"0ZUD0UpqIBSOOgcjlQPIputneaLZl29Da+4C5qdJYYc="}},"XrZkaR93huIjXHQxyyL5cpy6EzWw0gCtq5/vo5tkBWg=":{"valueMac":{"type":"Buffer","data":"hMOYeHG+x+jZRwcCrJUttZRbwUv3n9rgIsWhwCgPBIg="}},"u3jhIYfm0I5LZMf57sLZiaDzJ9mNDgwvPiI/EDd9CGc=":{"valueMac":{"type":"Buffer","data":"FKOPuHlospIIi3L53j7N0DMnY6Ui5IPQKmo01VK/Cw0="}},"x+Aq8AuzDNrQvMLrNdobNGAyquWE1zjd3Isd533bKag=":{"valueMac":{"type":"Buffer","data":"POxPoTXBOgOcl2Dd2mlM2w3LIRkNS/8zRYyIk2XDKGg="}},"yM2zkJLTZCpyJbd8/zGDXGVTm2e/CUNz6biaBpm+iAs=":{"valueMac":{"type":"Buffer","data":"GS3dz5f4odQX1LvD98UjRBrZPUzIIFPEGCsA1aBl4Ao="}},"ugmbMTHoIbRbcHH0KEMbw6l0W2IkTogoqelvh+qoWiQ=":{"valueMac":{"type":"Buffer","data":"jKb5zMCXfPqSi4181k19nYH9K/F0OH5egZFTY1oJOGI="}},"f4xLT4zu78xyYUBQZxvRUuEnUCGQenDlXzxMdYiQKJE=":{"valueMac":{"type":"Buffer","data":"zyzhDNW991ikBnyAMON7YFk49o7rnocSlmclkoDZqAk="}},"yQ+4bsRAoBALlg6K4Ykoc1vyIYg8MBkxNQ52R6iyqR4=":{"valueMac":{"type":"Buffer","data":"IuVKU8GK2Ytmig+q1mz+mvY0Y2ozeiwVceTF07ftVww="}},"/LZY6Nl3pNbFCKy/SrtL9+TpxFEWOT3MrZToVfXTI3U=":{"valueMac":{"type":"Buffer","data":"SDNApbC52NMOyIqd9ZjJD6ohO72cbBIPT0NxBKBzqhs="}}}}