[{"senderKeyId":998758124,"senderChainKey":{"iteration":67,"seed":"4GbHCc28r+KhjuBiwyIrUrVvEYBYI2QPowDapsqPtpE="},"senderSigningKey":{"public":"BcJLON0XrZggL6IVPL3TEveKq99utr7mpUcOlS0yBbxw"},"senderMessageKeys":[{"iteration":1,"seed":"cT/RP2W2WJEiprUOxxmQvIBs9pGbQWWL4FdtwQpD9uY="},{"iteration":3,"seed":"hfkyCWxwZcrlBtjwFIITfyU+e3f5DxhMrTOEt8gzL88="},{"iteration":5,"seed":"QdLK2hAeaI1HYMRUYT87zppqiATzlHuDIUpbgySSG6o="},{"iteration":7,"seed":"J9Xe4HhAj5CdU1N/v3bM9JlkPjExWQwFc/gTSUye1vE="},{"iteration":9,"seed":"L8dzZD7yK5dz8vkad2BRpPZ7EKvK/68ZEilakZxqjyM="},{"iteration":11,"seed":"3e+/LNSdGkxo6X0yNototCytSZSK3aBLhFiiiSq8WdM="},{"iteration":13,"seed":"xBRFuJga2UZGK4AbpJ0pACxegRs/I2b+5Yb63DWbstk="},{"iteration":15,"seed":"2Y9cChBC147EpDFtGJ8xcSBNUegyhxetCyIPVu6aa2k="},{"iteration":17,"seed":"9zL1zTZhCaqoNEihp0pKX+VD9mL09GNTrAw93lOlr/w="},{"iteration":19,"seed":"N1SLGW1sCXxniGY+pH8cx26jCDo2cmYIAORe8BZjX+c="},{"iteration":21,"seed":"vvZuZ7PY+eQYkR++ip22tMp/povkKYJXWRU6lRMDqgY="},{"iteration":23,"seed":"lwe0OATTL3NMNzoUtPcrxzUNRagnZOG0O9e2mnJnEdc="},{"iteration":25,"seed":"Wk0MV5JxYuC9eDYER/G11+E717Ce3AfOD7lN4mW9+Sk="},{"iteration":27,"seed":"Jc2/c2z4m2+wWRyNoxA30Z3aU9OGjnvnMsjdgDCzDUQ="},{},{},{},{},{},{},{},{},{},{},{},{},{},{},{},{},{},{},{}]}]