[{"senderKeyId":1592179578,"senderChainKey":{"iteration":7,"seed":"c7whvm+lFa69c5tpxIAHg2XC/oD4/7yXpLOjAZPr5fw="},"senderSigningKey":{"public":"BUeW/WKptKVIM8yMD4aGCxanLjbouUzlGgQgMfkmmS16"},"senderMessageKeys":[]},{"senderKeyId":1210094488,"senderChainKey":{"iteration":3,"seed":"4HEOic+nl0+HImiU3QtMPl3J9yLoM310HW1cQG8dCbI="},"senderSigningKey":{"public":"BbIbdcQSivhXWudEiyYfOApUUJafKi/ibmVEpG8grUNv"},"senderMessageKeys":[]},{"senderKeyId":978136382,"senderChainKey":{"iteration":3,"seed":"RiHLhVJqEi6AUBQ23rF5KR/gq6VPqHdnvkmRdDlUHoM="},"senderSigningKey":{"public":"BUBh4QBjA0UYjfzjUCYRQDEmeKoMpGwD8Zjq/N7LPD8m"},"senderMessageKeys":[]}]