{"_sessions":{"BZlarBoetIV1pDrjnMOT3BCczrZkH5qRcq/yDfklQQ0c":{"registrationId":78,"currentRatchet":{"ephemeralKeyPair":{"pubKey":"BTcHD6LOCPp0melwxD1ADt08qrHLjpB72oIBTSqpoLtK","privKey":"iK6OixTMGw26OntTi5zyXCWeLij2edfwDAsuH0RVjXU="},"lastRemoteEphemeralKey":"BSpAlCum6hFCi3ofuW4D9SX6TeRT38YuWqwfgTjcRGV9","previousCounter":64,"rootKey":"ZJo2yFVT1HGv06avXYBt0JyPxrMgnahhbWRzJ4mEXGc="},"indexInfo":{"baseKey":"BZlarBoetIV1pDrjnMOT3BCczrZkH5qRcq/yDfklQQ0c","baseKeyType":2,"closed":1750475297242,"used":1750475298270,"created":1750421099914,"remoteIdentityKey":"BSAXs8yk4lc+PUSuPAyRgIwuAVK5CoUKHqXTWd+AEY9v"},"_chains":{"BSgd3DLHGHWRrA0SaRXL2nScKNreASwOi2MEWT+H5Zo/":{"chainKey":{"counter":0},"chainType":2,"messageKeys":{}},"BSpAlCum6hFCi3ofuW4D9SX6TeRT38YuWqwfgTjcRGV9":{"chainKey":{"counter":0,"key":"L2iHCjFUtnwW7PkvjKmOh1h80dn+HnRcDnjbsI40TF0="},"chainType":2,"messageKeys":{}},"BTcHD6LOCPp0melwxD1ADt08qrHLjpB72oIBTSqpoLtK":{"chainKey":{"counter":-1,"key":"70fJgw4Xjh+Agr1NjlT+6MSDzPoYjnlNKLgllIOzSp4="},"chainType":1,"messageKeys":{}}}},"BV+IAEsR9ZBI6yDHmJ067usgN3P7QvWcI2lpN5ybvcVT":{"registrationId":78,"currentRatchet":{"ephemeralKeyPair":{"pubKey":"BY3Hcy33w82jqo5L/67rxyQngjZ6cu0HPpdSnMKhtCUd","privKey":"yIJIlkLN/PCDiy/E2v/S0rJEpXR0LZs4q/gpl9Hqnl8="},"lastRemoteEphemeralKey":"BSpAlCum6hFCi3ofuW4D9SX6TeRT38YuWqwfgTjcRGV9","previousCounter":0,"rootKey":"bGsu0fG5+0Rl9d5Ryfn8yZuhrYI4sCHsVUdcnJZ7i3k="},"indexInfo":{"baseKey":"BV+IAEsR9ZBI6yDHmJ067usgN3P7QvWcI2lpN5ybvcVT","baseKeyType":1,"closed":1750475298150,"used":1750475297198,"created":1750475297198,"remoteIdentityKey":"BSAXs8yk4lc+PUSuPAyRgIwuAVK5CoUKHqXTWd+AEY9v"},"_chains":{"BSpAlCum6hFCi3ofuW4D9SX6TeRT38YuWqwfgTjcRGV9":{"chainKey":{"counter":0,"key":"b2EVVK59MVpgvGlqvWk3WT/CGfD5lhsOXz6ToaiZIwU="},"chainType":2,"messageKeys":{}},"BY3Hcy33w82jqo5L/67rxyQngjZ6cu0HPpdSnMKhtCUd":{"chainKey":{"counter":-1,"key":"xD2IiBhl+8lVFaYK4AkiCu5900GwFpEn2M5RNWvf4j8="},"chainType":1,"messageKeys":{}}},"pendingPreKey":{"signedKeyId":1,"baseKey":"BV+IAEsR9ZBI6yDHmJ067usgN3P7QvWcI2lpN5ybvcVT","preKeyId":27}},"BVp0Wxjy5Z+g5p8lGuvA87+CVBuL7/saluc4uEgLE5YM":{"registrationId":78,"currentRatchet":{"ephemeralKeyPair":{"pubKey":"BUs8RVfn+z75jrKpSz/hkM9+2rtbBKlJys+PfrseiddB","privKey":"iHOhyE8IgOVbAnuf36jD/KYz51wF4Z6HD1iJLW95R1s="},"lastRemoteEphemeralKey":"BSpAlCum6hFCi3ofuW4D9SX6TeRT38YuWqwfgTjcRGV9","previousCounter":0,"rootKey":"9tZCbtugRvbMPcnDSWs1GdnMUSHs5ydYiQAEgKet6VA="},"indexInfo":{"baseKey":"BVp0Wxjy5Z+g5p8lGuvA87+CVBuL7/saluc4uEgLE5YM","baseKeyType":1,"closed":1750475329882,"used":1750475298143,"created":1750475298143,"remoteIdentityKey":"BSAXs8yk4lc+PUSuPAyRgIwuAVK5CoUKHqXTWd+AEY9v"},"_chains":{"BSpAlCum6hFCi3ofuW4D9SX6TeRT38YuWqwfgTjcRGV9":{"chainKey":{"counter":0,"key":"HmSjrpOoGnFDAuidpLcN1zn4RsD1fWAn3/t7NrXDQ7k="},"chainType":2,"messageKeys":{}},"BUs8RVfn+z75jrKpSz/hkM9+2rtbBKlJys+PfrseiddB":{"chainKey":{"counter":0,"key":"u5PH9yU6jL7WgklPakmlBjIiKtkQucAGF/379O2X3DU="},"chainType":1,"messageKeys":{}}},"pendingPreKey":{"signedKeyId":1,"baseKey":"BVp0Wxjy5Z+g5p8lGuvA87+CVBuL7/saluc4uEgLE5YM","preKeyId":7}},"BdzHDZx7Pqh01USh+XdaxlLj8/h+HPFaF2JQ1E4gkyQH":{"registrationId":78,"currentRatchet":{"ephemeralKeyPair":{"pubKey":"Bd9VZqaob6BwO9lLE4s79xf/zFhZutIgbMjoE6RCePRq","privKey":"mApRyIWK/RN+d/WvtpFYmnMkwRkB67I9oTGF4Sk+A3Y="},"lastRemoteEphemeralKey":"BXPlN5VswTF4VHh6ybJa5jZZfO1b1szoQeyESkDk9GME","previousCounter":0,"rootKey":"jnLwL0Q9DaxPz/XdBNs3mR4pDlUWE1iv9mCTkjATaxs="},"indexInfo":{"baseKey":"BdzHDZx7Pqh01USh+XdaxlLj8/h+HPFaF2JQ1E4gkyQH","baseKeyType":1,"closed":1750475329926,"used":1750475329879,"created":1750475329879,"remoteIdentityKey":"BSAXs8yk4lc+PUSuPAyRgIwuAVK5CoUKHqXTWd+AEY9v"},"_chains":{"Bd9VZqaob6BwO9lLE4s79xf/zFhZutIgbMjoE6RCePRq":{"chainKey":{"counter":0,"key":"v1MTfRZ/Zu6jJ3IU77hAkZrgQmKfamCBt0e5J8vverc="},"chainType":1,"messageKeys":{}}},"pendingPreKey":{"signedKeyId":1,"baseKey":"BdzHDZx7Pqh01USh+XdaxlLj8/h+HPFaF2JQ1E4gkyQH","preKeyId":26}},"BbO9mIHWqykDq7haY+10ys4gwguRK0Nvb7U6i3ZkYeIg":{"registrationId":78,"currentRatchet":{"ephemeralKeyPair":{"pubKey":"BWM+rfaLLm7SKuxnAXUCZv7AjG1M8g9Vrh7mMPPxhpFc","privKey":"gIJbbbLEa2tdwc8Uodo3oKp+bpQ3l6zkHWX62gG5N38="},"lastRemoteEphemeralKey":"BcTUv5Oea5PrEGnk1UKzMoTrYsrP35IFl1OYPVKGKeUw","previousCounter":0,"rootKey":"FaSOh/dAhArlphjZ6kU2nYINdC3lUPA9uS2++OCqJz0="},"indexInfo":{"baseKey":"BbO9mIHWqykDq7haY+10ys4gwguRK0Nvb7U6i3ZkYeIg","baseKeyType":2,"closed":-1,"used":1750475329929,"created":1750475329929,"remoteIdentityKey":"BSAXs8yk4lc+PUSuPAyRgIwuAVK5CoUKHqXTWd+AEY9v"},"_chains":{"BcTUv5Oea5PrEGnk1UKzMoTrYsrP35IFl1OYPVKGKeUw":{"chainKey":{"counter":0,"key":"Rg2yXOfL4tqUI7wp3lBAeaPmb5F9NwnAezFKvK08Qps="},"chainType":2,"messageKeys":{}},"BWM+rfaLLm7SKuxnAXUCZv7AjG1M8g9Vrh7mMPPxhpFc":{"chainKey":{"counter":53,"key":"kUfWT8tTQDlW0urcIs0v/D99lFxFox89wmb1GGuUEV8="},"chainType":1,"messageKeys":{}}}}},"version":"v1"}