{"_sessions":{"BYgqSZyU4tRM4/EhRKF9KLtYyNypMQlF15jcnUTYt+U7":{"registrationId":1112179015,"currentRatchet":{"ephemeralKeyPair":{"pubKey":"BUavedUvyGrASqIkxt+7VhJggNB0eXhCguu/w1dQkssH","privKey":"sE3DHOSDNPsD/aprkOM6GcLI0R9myeYwlwm+bPsI1W0="},"lastRemoteEphemeralKey":"BV+PEIVwN5AbqDUqassLZH0Kc2meq8iz6tZ09Ct7pPAw","previousCounter":0,"rootKey":"RKQyUcExMlIlJAIXInFMiZzGuVylq4/7Z9g3XGbU0k4="},"indexInfo":{"baseKey":"BYgqSZyU4tRM4/EhRKF9KLtYyNypMQlF15jcnUTYt+U7","baseKeyType":2,"closed":-1,"used":1750422478674,"created":1750422478674,"remoteIdentityKey":"BcivSfnfp6KCVBKYzCyV47rKtMOur5HIR13au/D+6P1u"},"_chains":{"BV+PEIVwN5AbqDUqassLZH0Kc2meq8iz6tZ09Ct7pPAw":{"chainKey":{"counter":0,"key":"TWuz7fnPUrJIzkRMvudgGKXp1FAJdCU+ZGQyFrsuqRE="},"chainType":2,"messageKeys":{}},"BUavedUvyGrASqIkxt+7VhJggNB0eXhCguu/w1dQkssH":{"chainKey":{"counter":-1,"key":"dMmkPyJGFI3BI8wpSQioGXp38ByFyaeWtn7Ee4GnJpQ="},"chainType":1,"messageKeys":{}}}}},"version":"v1"}