{"_sessions":{"BY/vsadyju7BWA+ZKZTk1vYD3J6IeH9FdUggq1c/MXMq":{"registrationId":2077428529,"currentRatchet":{"ephemeralKeyPair":{"pubKey":"BcPYMQR09IaT0gwJ/b+YfjrfGYr2ervY3d3EQ8Pvt0kz","privKey":"yLTzUCiGLzoucwkX+IqF8mfDuSk/S4fauiy4Jjo9Zno="},"lastRemoteEphemeralKey":"BT2uH15TTavdPOPYQaUdPU4O0xP0sX42MLPpPTxiVBYq","previousCounter":0,"rootKey":"9YKvQw/+TAT6/gpOJGwq1J1ajBPmBZN7l3+p60Dupds="},"indexInfo":{"baseKey":"BY/vsadyju7BWA+ZKZTk1vYD3J6IeH9FdUggq1c/MXMq","baseKeyType":1,"closed":-1,"used":1750653501378,"created":1750653144927,"remoteIdentityKey":"BW0FLr4taLUaKMW4QjGMBn89qCMCU8YTdh/4A9aVEdYs"},"_chains":{"BT2uH15TTavdPOPYQaUdPU4O0xP0sX42MLPpPTxiVBYq":{"chainKey":{"counter":0,"key":"glWnY1HJrRKVQ0+XVBTZYFrkYL4CoFbcV2O2HhXBEkw="},"chainType":2,"messageKeys":{}},"BcPYMQR09IaT0gwJ/b+YfjrfGYr2ervY3d3EQ8Pvt0kz":{"chainKey":{"counter":-1,"key":"pnupkWdWFK18piz8KG54dLGmEC5vY1NTZMayJqKY9VQ="},"chainType":1,"messageKeys":{}}}}},"version":"v1"}