{"_sessions":{"BdiMVV13pmtKl8pjDPAifmVYEpfgN0Y3Zw0+E6Bks685":{"registrationId":616614751,"currentRatchet":{"ephemeralKeyPair":{"pubKey":"BWgyXbJfQkzLBphb0PguoCN+t/oSArnRZYIyl2r/lk9y","privKey":"OEyvFitURFOizb+DkLJaHGPtbCkpf4VJlH4uULrNvX8="},"lastRemoteEphemeralKey":"BUu+Swgom/aIEScGwHOHdWX5/XpjLuelSJIZyb85ysEz","previousCounter":1,"rootKey":"pZHFWfbHWCKSeHnMiTq9XSqnIKYRTI4CrVEp3CGfhlQ="},"indexInfo":{"baseKey":"BdiMVV13pmtKl8pjDPAifmVYEpfgN0Y3Zw0+E6Bks685","baseKeyType":2,"closed":1750568098988,"used":1750475704730,"created":1750357529157,"remoteIdentityKey":"BVz6JCSPsvQ/7Fnt8ODU+oUTQxxYJnxpJNKIUT4D8/B4"},"_chains":{"BfxwuB7GHyRSTNWcFSI8GWbP8LpEAhtTUFmxLHdv8XsX":{"chainKey":{"counter":10},"chainType":2,"messageKeys":{}},"BcSh8E+HDDUThwtTOizoj/y2JxZ587mEY4I4WTHur4xJ":{"chainKey":{"counter":0},"chainType":2,"messageKeys":{}},"BecccKc15vODZHgbxeMB/Jz+O9FLTtWhCrrorZL9mrwB":{"chainKey":{"counter":0},"chainType":2,"messageKeys":{}},"BQplKky2VSCIYiCb1B18978t8rGw51f8B+MFEdBgznc2":{"chainKey":{"counter":0},"chainType":2,"messageKeys":{}},"BZMhGla0HV9UvEX6eG4v3W8ZU4/hIMWJm/OQfPz83/Br":{"chainKey":{"counter":0},"chainType":2,"messageKeys":{}},"Bdfyp1HwhNs36h95Kxiq9jmZBB0K16JRxq9t3dEbYHRX":{"chainKey":{"counter":0},"chainType":2,"messageKeys":{}},"BV0LtfEQdeiUOgBRnvPIBN+IhGFPz/O7Vpg72dgkCdIk":{"chainKey":{"counter":0},"chainType":2,"messageKeys":{}},"BSPkm1ImoLbSXgbgCJVSZDW7SrCzZFG8rOOpNSqyiAde":{"chainKey":{"counter":0},"chainType":2,"messageKeys":{}},"BccrsGQhqzudl6MCkFda1PPzd94EE1AKTn9AysQ65G1x":{"chainKey":{"counter":0},"chainType":2,"messageKeys":{}},"Baua2lroaqAbRmEcde3ZPmASamLXnblO47Cs4MYtrKMg":{"chainKey":{"counter":0},"chainType":2,"messageKeys":{}},"BWPGWha4ZzooVd6mrC9XgQcPqajeOiQUK0VTFp9YCzUd":{"chainKey":{"counter":0},"chainType":2,"messageKeys":{}},"BcXF7nLsI89K5DeW2/3D11qhvMaB671cziz7zkNpHB0L":{"chainKey":{"counter":0},"chainType":2,"messageKeys":{}},"BUu+Swgom/aIEScGwHOHdWX5/XpjLuelSJIZyb85ysEz":{"chainKey":{"counter":0,"key":"6T1umJ1vIr13D5dgm6L2POrrgRqXUbrecACdVuZ9P2Q="},"chainType":2,"messageKeys":{}},"BWgyXbJfQkzLBphb0PguoCN+t/oSArnRZYIyl2r/lk9y":{"chainKey":{"counter":44,"key":"mJE9OsmyDEBuvOMnyOOlBWoJy8ajgQyCDuSBZLKEyqE="},"chainType":1,"messageKeys":{}}}},"BRZdjkToSZk0v/7YNfexdu9vn6ihprSP7l7yLst/vB5h":{"registrationId":616614751,"currentRatchet":{"ephemeralKeyPair":{"pubKey":"BUoD49XzifYQovnF2H4nOCKcIAYLp3GqRd3pwU5LzCsC","privKey":"QIYMB/mEF5ChKlMCJpOyYQ4Y1TsHECg/yQV6XdN4knA="},"lastRemoteEphemeralKey":"Ba56vrWRSsizn4PjB2g/VDxBQvnaWEU0+j2DiZ7ox0Vi","previousCounter":0,"rootKey":"iGrkr2RBBd9k3ZdTorXQWKKVF1zhj+HeuXJN5Uu8AzE="},"indexInfo":{"baseKey":"BRZdjkToSZk0v/7YNfexdu9vn6ihprSP7l7yLst/vB5h","baseKeyType":2,"closed":-1,"used":1750598967420,"created":1750568098992,"remoteIdentityKey":"BVz6JCSPsvQ/7Fnt8ODU+oUTQxxYJnxpJNKIUT4D8/B4"},"_chains":{"BVGqnJHeW7o5P7hYOzjOB6YNHw1hLaY+LwIGK0DkXigG":{"chainKey":{"counter":0},"chainType":2,"messageKeys":{}},"BScQs/VcwKE/w89ZS0d6dy1m5QM2WSXv6m6aaLFBkrUF":{"chainKey":{"counter":0},"chainType":2,"messageKeys":{}},"BU320YzVAGKC6xzTLm9F7HtCNl848JZahC6Q9+U6fItp":{"chainKey":{"counter":0},"chainType":2,"messageKeys":{}},"Ba56vrWRSsizn4PjB2g/VDxBQvnaWEU0+j2DiZ7ox0Vi":{"chainKey":{"counter":0,"key":"AhpXhATjfYkUMaQDx8KFyH2J5nkCtWBbtoXro8zkGUU="},"chainType":2,"messageKeys":{}},"BUoD49XzifYQovnF2H4nOCKcIAYLp3GqRd3pwU5LzCsC":{"chainKey":{"counter":3,"key":"4UJDYFuJhwX7gvqHx5JymJGbflBpbpYZ34aUH8r4yKc="},"chainType":1,"messageKeys":{}}}}},"version":"v1"}