{"_sessions":{"BdqhI5L/2Z4iGJq9NBYqCmD7TsaHe5Ka8S8Xiu/Wc1IX":{"registrationId":3698,"currentRatchet":{"ephemeralKeyPair":{"pubKey":"Bfemwke+Q+tT9OAMOyhZ+p88AqCtnrRBN4eO49eAHQUn","privKey":"AFV2ra5eDZ18Ply3WE5U1pBUCzccmgzuGTucDukje0c="},"lastRemoteEphemeralKey":"BR+Yn8AiMnOVvl1Ix/0h1GMXulvk0i6yWZ3TiXL9Ee0J","previousCounter":0,"rootKey":"2YsTjAt8BHM7fhSgRFPMHgd/AOSRGf7H1azoFe0Oavc="},"indexInfo":{"baseKey":"BdqhI5L/2Z4iGJq9NBYqCmD7TsaHe5Ka8S8Xiu/Wc1IX","baseKeyType":1,"closed":-1,"used":1750653144916,"created":1750653144916,"remoteIdentityKey":"BY9BOBcDj6RHs24swC+rGYSMdQICyXEHUN/wzPB2XuhG"},"_chains":{"Bfemwke+Q+tT9OAMOyhZ+p88AqCtnrRBN4eO49eAHQUn":{"chainKey":{"counter":0,"key":"2djdHzTKtBJ/aKDh/EwTyi3mJUeiFdPo1Eqa0LOMdUY="},"chainType":1,"messageKeys":{}}},"pendingPreKey":{"signedKeyId":1,"baseKey":"BdqhI5L/2Z4iGJq9NBYqCmD7TsaHe5Ka8S8Xiu/Wc1IX","preKeyId":248}}},"version":"v1"}