{"_sessions":{"BZSzYPz8nUAPfjXX6KcrdbR+gabyoViKijOJ37k6eCYV":{"registrationId":363624005,"currentRatchet":{"ephemeralKeyPair":{"pubKey":"BWmxgyE/5EyJl92VLAGCpxhFuTeszV60j7kxZ6eHQuRx","privKey":"GA1LqCEMLGYhM+txoqwASZ+FNWyP9xW8+zm/na9JtGE="},"lastRemoteEphemeralKey":"BQZkrYnS7BK/PEoUWnZYXd57xg7SG54L0/oius0jzHsx","previousCounter":0,"rootKey":"CIxGwSeDNfc2u7TsCnN8UldzV6p5C6lsu8ORS6robjU="},"indexInfo":{"baseKey":"BZSzYPz8nUAPfjXX6KcrdbR+gabyoViKijOJ37k6eCYV","baseKeyType":1,"closed":-1,"used":1750357580198,"created":1750357580198,"remoteIdentityKey":"BcUfW7HUNBQeousfhDXHc66OyIZ51vRxTfTh84yDEVoc"},"_chains":{"BWmxgyE/5EyJl92VLAGCpxhFuTeszV60j7kxZ6eHQuRx":{"chainKey":{"counter":175,"key":"9WaPFrFH/TOKMWuNq/KUUBcukUw7ZD4OYE7tMh5CohI="},"chainType":1,"messageKeys":{}}},"pendingPreKey":{"signedKeyId":1,"baseKey":"BZSzYPz8nUAPfjXX6KcrdbR+gabyoViKijOJ37k6eCYV","preKeyId":3763876}}},"version":"v1"}